frame,time_s,p1_x,p1_y,p2_x,p2_y,p3_x,p3_y,p4_x,p4_y,p1_vx,p1_vy,p2_vx,p2_vy,p3_vx,p3_vy,p4_vx,p4_vy
0,0.000000,473.000000,478.000000,722.000000,478.000000,497.000000,295.000000,706.000000,283.000000,188.632328,46.762607,166.539612,-32.497503,70.006007,25.191356,55.667964,-0.579232
1,0.019974,477.060000,478.850000,725.320000,477.300000,498.420000,295.430000,707.200000,283.040000,212.259873,39.601463,151.636730,-24.930526,78.017328,19.895990,59.315494,1.694712
2,0.039948,481.560000,479.620000,728.270000,476.930000,500.190000,295.840000,708.590000,283.050000,232.393352,32.354542,135.342756,-18.224813,84.463087,15.360355,60.828539,3.351301
3,0.059922,486.400000,480.160000,730.650000,476.580000,501.800000,296.100000,709.600000,283.070000,249.032764,25.021846,117.657691,-12.380362,89.343285,11.584453,60.207100,4.390535
4,0.079896,491.350000,480.580000,732.720000,476.490000,503.610000,296.220000,710.700000,283.260000,262.178110,17.603373,98.581535,-7.397175,92.657921,8.568282,57.451175,4.812413
5,0.099870,496.690000,480.800000,734.510000,476.390000,505.520000,296.430000,711.830000,283.370000,271.829389,10.099124,78.114288,-3.275250,94.406997,6.311843,52.560766,4.616937
6,0.119844,502.210000,481.050000,735.910000,476.370000,507.460000,296.460000,712.860000,283.450000,279.541562,2.153449,57.601332,-1.424254,94.852605,5.095416,45.738933,3.394870
7,0.139817,507.820000,480.930000,736.850000,476.300000,509.290000,296.680000,713.780000,283.470000,282.977083,-5.137429,34.111787,0.775487,93.529299,5.198309,36.216027,1.418905
8,0.159791,513.540000,480.770000,737.320000,476.320000,511.180000,296.720000,714.340000,283.480000,280.011775,-12.556388,6.810259,3.445927,89.619966,4.385283,24.065179,-0.541207
9,0.179765,519.080000,480.480000,737.200000,476.450000,512.800000,296.750000,714.750000,283.450000,270.422348,-19.817605,-21.389876,6.732750,83.378145,3.663674,12.528477,-1.017936
10,0.199739,524.350000,479.930000,736.460000,476.620000,514.580000,296.900000,714.720000,283.440000,257.639655,-26.613665,-46.781571,10.863038,76.077347,3.659200,1.968281,-1.694420
11,0.219713,529.320000,479.430000,735.240000,476.880000,515.930000,296.960000,714.690000,283.400000,241.761531,-31.902029,-68.433541,14.903466,69.813157,2.859012,-5.256660,-2.215496
12,0.239687,533.870000,478.700000,733.610000,477.240000,517.310000,296.900000,714.650000,283.370000,224.209604,-37.833131,-86.069299,18.271980,64.503494,1.877934,-9.672188,-2.102975
13,0.259661,538.190000,477.870000,731.750000,477.570000,518.370000,297.010000,714.370000,283.380000,206.070470,-43.673692,-100.694430,22.106623,60.784581,-2.102197,-13.121227,0.694476
14,0.279635,542.190000,476.990000,729.720000,478.150000,519.580000,296.960000,713.970000,283.320000,185.687832,-49.564532,-114.649203,26.356434,56.680940,-7.221732,-15.959816,3.715898
15,0.299609,545.610000,476.010000,727.280000,478.630000,520.790000,296.760000,713.750000,283.430000,162.559578,-53.817941,-129.885368,30.654190,51.101501,-13.207587,-20.950103,8.729234
16,0.319583,548.620000,474.870000,724.560000,479.280000,521.730000,296.420000,713.270000,283.700000,135.106239,-54.231651,-145.443436,35.322768,40.399804,-18.716421,-26.301000,14.864857
17,0.339557,551.060000,473.720000,721.510000,480.050000,522.480000,295.910000,712.700000,284.150000,104.215533,-51.503540,-159.407351,38.651506,28.726171,-23.905005,-31.939666,20.625671
18,0.359531,552.810000,472.720000,718.170000,480.820000,522.900000,295.490000,712.010000,284.390000,71.466731,-44.467754,-170.122858,38.903486,15.352478,-24.685257,-37.784992,23.424970
19,0.379505,553.930000,472.020000,714.640000,481.620000,522.940000,294.930000,711.110000,285.040000,37.560340,-34.031068,-174.709647,37.366711,4.883796,-23.363604,-43.813929,23.314394
20,0.399478,554.260000,471.460000,711.150000,482.380000,522.860000,294.560000,710.220000,285.530000,4.410082,-21.588270,-175.369112,31.774921,-4.984744,-20.329928,-46.885922,21.760795
21,0.419452,554.090000,471.130000,707.680000,482.870000,522.860000,294.090000,709.260000,285.870000,-25.242510,-9.447634,-172.713163,24.039602,-14.112710,-16.421471,-49.294269,17.282345
22,0.439426,553.220000,471.130000,704.230000,483.220000,522.440000,293.990000,708.270000,286.040000,-52.987702,4.168217,-168.667581,14.000579,-24.281467,-11.412609,-52.917291,10.779790
23,0.459400,551.830000,471.320000,701.060000,483.470000,521.930000,293.740000,707.090000,286.290000,-79.746661,19.693608,-164.914532,1.687223,-37.079429,-2.987676,-58.295808,1.386812
24,0.479374,550.080000,471.840000,697.740000,483.340000,520.880000,293.730000,706.060000,286.290000,-107.501188,36.919352,-160.826354,-11.754935,-52.240710,7.524283,-64.106415,-9.277929
25,0.499348,547.740000,472.640000,694.600000,483.040000,519.840000,293.900000,704.710000,285.890000,-137.239752,52.891228,-155.288441,-24.866729,-67.256501,18.262255,-68.734050,-20.175297
26,0.519322,544.630000,473.990000,691.560000,482.370000,518.290000,294.400000,703.120000,285.450000,-168.458975,67.527056,-146.153375,-36.788257,-79.237936,27.035058,-72.189215,-31.052145
27,0.539296,540.990000,475.460000,688.690000,481.490000,516.550000,295.190000,701.660000,284.690000,-199.972094,77.844997,-132.873433,-45.982160,-92.445329,34.192701,-72.724004,-40.208898
28,0.559270,536.640000,477.060000,686.190000,480.500000,514.640000,295.910000,700.330000,283.710000,-228.711103,81.830575,-116.302486,-51.148668,-100.999607,36.035624,-71.848056,-45.074703
29,0.579244,531.840000,478.630000,684.010000,479.510000,512.580000,296.470000,698.930000,282.960000,-251.261486,78.384356,-98.876500,-52.215910,-106.759156,34.206024,-67.287330,-46.819986
30,0.599218,526.540000,480.260000,682.350000,478.510000,510.430000,297.130000,697.570000,281.950000,-269.361914,68.748735,-81.214484,-47.613658,-108.520583,28.007188,-62.807421,-44.609353
31,0.619192,521.040000,481.430000,680.900000,477.550000,507.960000,297.670000,696.430000,281.090000,-282.866800,54.598582,-65.527460,-39.540972,-110.219379,19.181966,-57.807020,-38.535290
32,0.639165,515.300000,482.360000,679.670000,476.850000,506.130000,297.950000,695.250000,280.400000,-293.482429,35.979218,-50.815094,-27.423871,-110.437807,9.377612,-50.790586,-30.035960
33,0.659139,509.430000,482.810000,678.860000,476.480000,503.930000,298.050000,694.440000,279.880000,-303.893829,14.383460,-36.180432,-12.164949,-107.590855,-3.958444,-42.208884,-19.246250
34,0.679113,503.230000,482.950000,678.270000,476.450000,501.760000,297.730000,693.610000,279.720000,-311.825889,-8.243461,-19.926040,4.959069,-101.430530,-19.996840,-30.908504,-5.579925
35,0.699087,497.090000,482.540000,677.980000,476.620000,499.630000,297.240000,693.130000,279.640000,-316.160115,-29.880357,-0.136444,21.739400,-93.121132,-34.222460,-18.795293,7.632816
36,0.719061,490.650000,481.740000,678.200000,477.250000,497.900000,296.520000,692.840000,279.940000,-312.821068,-50.792532,19.482183,35.049976,-82.816807,-46.769512,-5.050486,20.637244
37,0.739035,484.350000,480.520000,678.730000,478.070000,496.520000,295.320000,692.840000,280.470000,-301.768680,-67.581809,38.656272,44.347550,-69.084448,-56.173771,8.119562,31.015286
38,0.759009,478.550000,479.050000,679.780000,479.070000,495.280000,294.120000,693.290000,281.200000,-283.128894,-79.846928,56.342503,49.287558,-56.924459,-60.382834,19.758962,38.307137
39,0.778983,473.120000,477.350000,681.140000,480.090000,494.170000,293.010000,693.630000,282.030000,-259.233906,-84.924450,70.661874,48.801201,-46.966155,-60.260394,27.702206,41.683432
40,0.798957,468.310000,475.600000,682.540000,480.940000,493.360000,291.730000,694.350000,282.880000,-233.173895,-84.423894,81.328366,43.488330,-39.264096,-55.822789,32.348513,39.358528
41,0.818931,463.870000,474.000000,684.350000,481.770000,492.590000,290.720000,695.020000,283.560000,-207.908920,-78.799136,91.278500,35.320239,-32.917534,-47.817693,33.378216,32.847999
42,0.838905,460.030000,472.500000,686.230000,482.410000,492.060000,289.920000,695.630000,284.230000,-182.974601,-68.223866,100.954773,24.862061,-28.466314,-39.204772,33.213180,24.632449
43,0.858879,456.690000,471.370000,688.300000,482.740000,491.520000,289.220000,696.310000,284.590000,-155.904046,-52.687582,111.805558,13.515487,-25.804432,-27.481249,31.964271,15.462859
44,0.878853,453.750000,470.390000,690.550000,482.920000,491.070000,288.750000,696.880000,284.730000,-125.523523,-34.281881,121.374367,0.996832,-23.643300,-13.243959,28.648175,6.387894
45,0.898826,451.620000,469.840000,693.160000,482.810000,490.570000,288.640000,697.450000,284.740000,-89.305940,-13.824359,128.118982,-10.809938,-19.637689,0.356525,26.635061,-2.903164
46,0.918800,450.140000,469.840000,695.800000,482.510000,490.160000,288.700000,698.040000,284.750000,-48.652892,6.094680,131.193406,-20.047703,-14.101624,12.988770,24.548326,-10.519447
47,0.938774,449.600000,470.230000,698.470000,482.020000,489.980000,289.220000,698.400000,284.430000,-4.147308,24.846112,130.594723,-26.361199,-6.205644,23.920760,23.072626,-15.835917
48,0.958748,449.980000,470.860000,700.990000,481.360000,489.980000,289.810000,698.860000,284.040000,40.016437,40.518257,127.401943,-29.720864,4.111908,30.173960,23.388306,-19.378221
49,0.978722,451.290000,471.800000,703.500000,480.840000,490.210000,290.390000,699.390000,283.540000,80.700411,51.341519,122.917950,-29.393708,16.135939,33.410795,24.693523,-20.271090
50,0.998696,453.320000,472.820000,705.800000,480.260000,490.590000,291.040000,699.880000,283.270000,118.709568,57.172257,120.117386,-26.461855,28.230381,34.196105,28.500644,-17.813826
51,1.018670,456.080000,474.160000,708.260000,479.770000,491.250000,291.790000,700.490000,282.900000,153.314422,61.344947,117.070679,-21.834706,40.652172,33.291078,33.446779,-13.283054
52,1.038644,459.380000,475.320000,710.530000,479.380000,492.290000,292.330000,701.200000,282.700000,187.494869,61.567070,113.623974,-16.528545,53.760368,32.552353,38.614939,-7.787835
53,1.058618,463.400000,476.520000,712.720000,479.130000,493.460000,293.050000,701.980000,282.620000,222.015892,59.222619,107.048092,-10.711033,67.697247,29.810530,42.821765,-1.594640
54,1.078592,468.180000,477.580000,714.870000,478.980000,494.880000,293.580000,702.970000,282.640000,255.473758,54.524087,96.679580,-3.923725,79.571413,25.763781,45.702269,3.694503
55,1.098566,473.570000,478.790000,716.640000,478.920000,496.590000,294.100000,703.870000,282.690000,286.185035,47.466127,82.326268,1.376114,89.498110,22.207862,46.561782,8.697530
56,1.118540,479.640000,479.500000,718.220000,479.000000,498.520000,294.490000,704.870000,283.010000,310.332100,39.768347,67.378358,5.375113,98.558000,18.841293,47.102502,11.306409
57,1.138514,486.050000,480.300000,719.320000,479.190000,500.610000,294.730000,705.650000,283.250000,325.094161,29.812475,52.497844,7.135081,103.433725,14.603735,45.911750,11.723231
58,1.158487,492.630000,480.730000,720.160000,479.360000,502.540000,295.070000,706.580000,283.430000,332.814990,18.862591,39.308929,6.784488,105.035074,13.517529,43.305788,9.853563
59,1.178461,499.400000,481.000000,720.810000,479.430000,504.780000,295.380000,707.460000,283.640000,334.379968,8.057223,28.625224,5.020046,104.708697,12.179245,40.607728,6.673718
60,1.198435,505.930000,481.080000,721.330000,479.540000,506.930000,295.520000,708.320000,283.730000,333.369132,-2.040929,18.092259,2.647197,103.198278,11.784792,35.661399,3.054196
61,1.218409,512.480000,480.890000,721.610000,479.520000,508.700000,295.710000,708.850000,283.720000,331.861824,-13.702891,6.117534,0.735905,100.617504,10.712881,29.223128,0.770624
62,1.238383,519.120000,480.510000,721.610000,479.520000,510.840000,296.090000,709.390000,283.700000,327.821202,-24.765587,-8.858190,-0.619884,98.095859,9.205963,21.822064,-1.217205
63,1.258357,525.500000,479.990000,721.350000,479.540000,512.790000,296.100000,709.830000,283.700000,318.192193,-35.966478,-24.849224,-1.192892,95.323110,7.072548,15.752183,-2.591180
64,1.278331,531.910000,479.120000,720.680000,479.520000,514.610000,296.290000,709.990000,283.650000,302.600962,-45.890938,-38.881118,-0.727250,92.808176,3.976533,10.930142,-2.458625
65,1.298305,537.810000,478.090000,719.670000,479.500000,516.370000,296.290000,710.160000,283.600000,280.178465,-54.615407,-49.159088,1.108963,88.825807,-1.128219,7.981950,-2.036455
66,1.318279,543.050000,476.920000,718.570000,479.500000,518.170000,296.280000,710.350000,283.550000,250.454684,-59.837542,-55.827068,3.551251,80.374811,-5.397189,5.304703,-0.304982
67,1.338253,547.620000,475.720000,717.430000,479.650000,519.770000,296.050000,710.420000,283.560000,218.120954,-62.542215,-59.113113,8.547567,74.181518,-10.578187,3.698685,2.302244
68,1.358227,551.740000,474.440000,716.300000,479.880000,521.070000,295.820000,710.470000,283.670000,184.819664,-62.818216,-61.885279,14.157349,66.100565,-17.231968,2.884394,6.142819
69,1.378201,555.160000,473.160000,715.040000,480.170000,522.280000,295.420000,710.540000,283.790000,153.601996,-62.064125,-66.582448,19.651887,54.853382,-21.878567,0.868654,10.838336
70,1.398174,557.650000,472.130000,713.670000,480.600000,523.150000,295.050000,710.500000,284.110000,122.277935,-58.598748,-72.932025,23.799876,42.360694,-25.371953,-2.195656,15.229843
71,1.418148,559.920000,470.890000,712.220000,481.230000,524.230000,294.310000,710.440000,284.380000,89.448998,-52.090455,-79.282186,26.101439,30.472815,-26.838220,-5.364318,19.507274
72,1.438122,561.400000,469.920000,710.490000,481.660000,524.540000,293.850000,710.380000,284.830000,54.826832,-41.775140,-82.660523,26.602384,19.851837,-26.030251,-8.495732,21.828093
73,1.458096,562.180000,469.180000,708.790000,482.210000,524.630000,293.420000,710.090000,285.300000,18.066681,-26.930220,-81.638308,24.280981,8.526950,-23.070000,-11.824081,21.305948
74,1.478070,562.140000,468.870000,707.180000,482.630000,524.730000,292.990000,709.740000,285.680000,-20.422220,-8.171981,-77.090128,18.834777,-3.981688,-16.332583,-15.322427,17.680299
75,1.498044,561.320000,468.870000,705.660000,482.980000,524.640000,292.700000,709.480000,286.080000,-60.525308,12.821011,-70.624821,12.129355,-17.926930,-7.734639,-19.801072,11.948369
76,1.518018,559.730000,469.330000,704.420000,483.160000,524.300000,292.640000,709.100000,286.140000,-97.755186,33.255290,-64.860895,3.734376,-32.026706,1.504390,-25.386346,2.922420
77,1.537992,557.340000,470.270000,703.220000,483.100000,523.360000,292.700000,708.490000,286.100000,-132.720845,52.577979,-61.552385,-6.623049,-49.296603,12.444840,-31.812169,-6.881156
78,1.557966,554.450000,471.450000,702.030000,482.860000,522.120000,293.240000,707.790000,285.920000,-164.299609,68.756029,-59.591203,-15.813063,-65.560914,23.570556,-39.043334,-15.969541
79,1.577940,550.800000,472.900000,700.830000,482.520000,520.700000,293.650000,706.930000,285.520000,-193.967762,80.900263,-57.019474,-25.013677,-78.810806,31.845720,-45.320847,-24.698094
80,1.597914,546.640000,474.700000,699.650000,481.850000,518.990000,294.420000,705.940000,284.860000,-222.731666,88.185209,-52.248879,-32.501782,-89.060962,37.671012,-49.194294,-31.358488
81,1.617888,541.960000,476.480000,698.670000,481.190000,517.160000,295.180000,704.940000,284.220000,-251.169680,90.513225,-43.828128,-37.328589,-98.133107,39.510435,-51.503832,-37.139725
82,1.637862,536.740000,478.240000,697.860000,480.480000,515.180000,296.030000,703.930000,283.520000,-279.377110,87.073717,-34.064425,-39.202146,-106.459134,36.878409,-52.436770,-39.432439
83,1.657835,530.870000,479.890000,697.330000,479.580000,512.950000,296.640000,702.890000,282.640000,-304.836492,77.074179,-24.630310,-37.038875,-113.357990,31.335342,-51.686763,-38.211636
84,1.677809,524.520000,481.360000,696.950000,478.920000,510.630000,297.270000,701.870000,281.930000,-326.794903,61.652749,-18.210517,-29.979067,-117.241550,21.364493,-49.574354,-34.126083
85,1.697783,517.800000,482.410000,696.680000,478.420000,508.180000,297.500000,700.890000,281.260000,-343.196048,42.224639,-14.874971,-20.156819,-119.031472,8.467432,-45.702075,-26.608025
86,1.717757,510.810000,482.990000,696.390000,478.100000,505.930000,297.550000,700.050000,280.900000,-351.465766,18.965483,-13.147194,-7.538676,-116.017732,-5.812746,-39.165385,-15.173048
87,1.737731,503.780000,483.130000,696.160000,478.100000,503.610000,297.330000,699.320000,280.670000,-352.286086,-6.379920,-10.571282,5.877808,-109.391474,-20.971790,-30.825256,-2.470198
88,1.757705,496.750000,482.780000,695.880000,478.390000,501.520000,296.770000,698.780000,280.710000,-347.864042,-30.667319,-5.648391,16.877777,-100.167033,-35.330062,-21.442198,9.856675
89,1.777679,489.840000,481.930000,695.820000,478.790000,499.520000,295.840000,698.460000,281.100000,-339.559993,-52.692348,2.443940,26.218531,-89.551501,-46.097404,-12.095025,20.736343
90,1.797653,483.330000,480.660000,695.930000,479.410000,497.980000,294.910000,698.340000,281.620000,-327.510774,-71.137825,11.055986,32.537960,-78.940929,-54.487131,-3.774249,28.833051
91,1.817627,476.930000,479.060000,696.300000,480.120000,496.470000,293.650000,698.300000,282.200000,-312.006291,-83.888717,17.917691,35.539445,-69.137062,-59.537034,2.081969,33.217750
92,1.837601,470.830000,477.360000,696.720000,480.770000,495.220000,292.550000,698.410000,282.930000,-292.044462,-90.515073,21.027418,35.133127,-61.062916,-60.174520,5.076550,33.174376
93,1.857575,465.180000,475.450000,697.260000,481.500000,494.050000,291.400000,698.540000,283.540000,-266.506987,-90.737099,19.659279,31.243926,-53.834474,-56.918721,5.368889,28.771879
94,1.877549,460.180000,473.700000,697.550000,482.080000,493.020000,290.220000,698.660000,284.120000,-235.802420,-84.914530,16.994868,23.975415,-48.793227,-50.628468,3.871112,21.666169
95,1.897523,455.790000,472.150000,697.860000,482.500000,492.060000,289.240000,698.660000,284.430000,-199.820965,-73.505617,15.546884,15.309395,-43.154950,-40.397664,1.443121,13.554387
96,1.917496,452.190000,470.760000,698.070000,482.660000,491.340000,288.640000,698.680000,284.630000,-161.849444,-57.290515,16.302629,5.736501,-37.784700,-28.873119,-0.843563,5.689528
97,1.937470,449.420000,469.800000,698.380000,482.660000,490.630000,288.200000,698.610000,284.560000,-123.227016,-38.327852,19.979918,-3.200560,-32.656607,-15.496994,-2.841798,-1.455764
98,1.957444,447.310000,469.240000,698.880000,482.520000,489.920000,287.980000,698.540000,284.490000,-84.361361,-19.343793,23.806489,-10.245294,-27.664764,-3.817332,-5.077328,-7.803104
99,1.977418,446.060000,469.100000,699.430000,482.280000,489.520000,288.050000,698.450000,284.400000,-44.756689,-0.169413,23.996033,-15.740416,-22.827940,4.927949,-6.550499,-11.921528
100,1.997392,445.550000,469.320000,699.890000,481.900000,489.170000,288.240000,698.360000,284.110000,-3.801869,17.888710,21.306142,-19.344960,-15.800809,13.430683,-7.166882,-14.821093
101,2.017366,445.860000,469.760000,700.410000,481.540000,488.850000,288.600000,698.130000,283.680000,39.416198,33.258985,15.653570,-20.782344,-6.060544,20.415412,-7.328806,-16.839848
102,2.037340,447.060000,470.540000,700.540000,481.080000,488.830000,288.960000,697.960000,283.360000,83.965254,46.486412,10.946091,-19.836082,5.717440,24.976624,-5.996164,-17.254239
103,2.057314,449.180000,471.640000,700.640000,480.680000,489.000000,289.520000,697.960000,283.110000,128.951555,57.303449,8.944939,-16.297475,19.251307,29.459450,-2.058045,-14.840738
104,2.077288,452.240000,472.880000,700.830000,480.400000,489.670000,290.300000,697.960000,282.810000,172.919823,64.639647,10.546191,-11.613628,34.437776,32.755901,3.832698,-10.717646
105,2.097262,456.100000,474.190000,701.020000,480.260000,490.460000,290.790000,697.970000,282.550000,213.199813,68.469524,13.587842,-6.592512,49.557530,33.786285,10.100000,-7.128565
106,2.117236,460.690000,475.580000,701.420000,480.180000,491.600000,291.470000,698.320000,282.550000,248.004325,68.325008,16.005233,-1.792742,62.678368,32.741508,16.172311,-3.074619
107,2.137210,466.050000,476.930000,701.740000,480.220000,492.970000,292.280000,698.760000,282.550000,277.524947,64.613681,14.352923,2.138667,74.780979,30.372160,21.556177,1.304245
108,2.157184,471.830000,478.110000,702.100000,480.220000,494.540000,292.750000,699.210000,282.560000,301.169706,57.647429,9.976976,4.114728,83.836396,27.465592,26.051549,4.982701
109,2.177157,478.030000,479.240000,702.190000,480.350000,496.370000,293.230000,699.700000,282.640000,320.497453,48.254354,3.825209,5.646835,92.334364,25.656415,27.525305,7.518934
110,2.197131,484.550000,480.100000,702.170000,480.480000,498.240000,293.700000,700.350000,282.920000,336.762542,36.869073,-0.330948,6.373695,98.483700,21.718199,28.158025,8.859357
111,2.217105,491.420000,480.660000,702.110000,480.640000,500.300000,294.180000,700.890000,283.050000,349.199991,24.543756,-0.938286,5.667647,103.480016,19.183133,29.023567,8.818900
112,2.237079,498.390000,481.000000,702.070000,480.640000,502.280000,294.500000,701.460000,283.210000,357.161811,11.998260,1.392453,4.064741,107.930361,18.038284,30.056674,7.196058
113,2.257053,505.640000,481.170000,702.070000,480.810000,504.560000,294.910000,701.970000,283.390000,358.930045,-0.633304,5.556488,1.141737,109.750819,15.712018,30.462312,4.208090
114,2.277027,512.880000,481.010000,702.390000,480.780000,506.720000,295.040000,702.710000,283.420000,353.247908,-12.387462,8.161672,-1.191822,108.268311,13.423486,30.010674,1.127830
115,2.297001,519.770000,480.640000,702.540000,480.700000,508.930000,295.380000,703.260000,283.350000,340.833021,-23.732577,8.156226,-3.088234,106.084812,10.109336,28.912117,-0.337561
116,2.316975,526.390000,480.070000,702.740000,480.630000,511.090000,295.600000,703.890000,283.380000,323.130743,-35.490819,6.737126,-4.112589,102.467235,6.645126,27.802083,-1.780391
117,2.336949,532.650000,479.250000,702.840000,480.520000,512.890000,295.670000,704.380000,283.320000,301.190907,-45.871974,4.966558,-4.483896,98.669256,2.800758,26.208903,-1.930548
118,2.356923,538.360000,478.260000,702.880000,480.500000,514.750000,295.670000,704.840000,283.310000,278.321537,-54.746113,6.081454,-2.669857,95.450802,-1.132985,25.644355,-0.221540
119,2.376897,543.690000,477.100000,702.970000,480.440000,516.850000,295.510000,705.350000,283.360000,253.117733,-62.123351,11.812508,0.362847,90.568367,-6.201171,26.872744,3.009752
120,2.396871,548.450000,475.740000,703.290000,480.460000,518.490000,295.440000,706.010000,283.360000,223.475741,-66.376663,18.861521,3.985869,85.497750,-10.311814,29.056536,6.909456
121,2.416844,552.630000,474.470000,703.710000,480.570000,520.230000,295.230000,706.490000,283.540000,191.113224,-67.518401,26.284078,8.735944,78.247620,-15.434169,31.994224,10.946286
122,2.436818,556.200000,473.090000,704.430000,480.810000,521.580000,294.850000,707.200000,283.860000,155.607428,-64.885403,31.214069,13.711255,65.881748,-19.387654,32.044503,14.436365
123,2.456792,558.850000,471.850000,705.110000,481.160000,522.760000,294.420000,707.820000,284.240000,117.465910,-57.620977,32.369714,17.504079,52.502317,-22.182771,30.534570,16.713324
124,2.476766,560.740000,470.810000,705.720000,481.470000,523.830000,293.930000,708.530000,284.530000,78.934608,-46.900705,31.525859,19.139273,38.213289,-22.946296,28.855808,18.543313
125,2.496740,562.030000,469.930000,706.350000,481.940000,524.400000,293.410000,709.030000,284.840000,41.344120,-34.249593,31.420146,18.654472,24.742927,-20.760559,26.227770,18.528531
126,2.516714,562.430000,469.450000,706.920000,482.300000,524.610000,293.180000,709.340000,285.250000,5.186250,-19.467011,33.447751,16.731413,12.635260,-17.291000,22.133270,17.504663
127,2.536688,562.170000,469.290000,707.550000,482.520000,524.810000,292.820000,709.870000,285.550000,-29.361907,-3.348869,38.675333,13.104597,1.475700,-12.160767,18.644455,14.840836
128,2.556662,561.240000,469.340000,708.410000,482.750000,524.620000,292.670000,710.280000,285.920000,-63.712253,14.052609,44.489052,7.448524,-10.071991,-5.416542,14.227273,9.916096
129,2.576636,559.670000,469.720000,709.390000,482.850000,524.580000,292.590000,710.420000,286.000000,-98.245627,32.349874,48.232181,-0.135764,-21.206848,2.900733,10.114490,3.291977
130,2.596610,557.350000,470.540000,710.420000,482.840000,523.870000,292.680000,710.570000,285.980000,-131.837895,49.571242,48.616520,-8.409372,-35.549559,12.351284,3.364041,-4.571520
131,2.616584,554.410000,471.770000,711.400000,482.540000,523.100000,293.090000,710.580000,285.770000,-166.368157,66.258211,44.751049,-17.349935,-51.087010,23.232216,-6.025923,-13.062682
132,2.636558,550.770000,473.220000,712.240000,482.070000,521.790000,293.620000,710.390000,285.450000,-198.838332,79.160038,38.574094,-25.746373,-67.185507,30.683074,-13.676730,-20.772618
133,2.656532,546.420000,474.910000,712.890000,481.490000,520.440000,294.340000,710.120000,285.060000,-230.034701,86.964406,33.105716,-32.745203,-81.189879,35.399305,-21.728118,-26.585754
134,2.676505,541.590000,476.630000,713.470000,480.790000,518.610000,295.090000,709.470000,284.400000,-258.402013,88.833296,29.360545,-36.283909,-90.159326,36.912739,-29.455658,-30.945751
135,2.696479,536.120000,478.470000,713.980000,480.070000,516.750000,295.830000,708.790000,283.690000,-283.191135,84.425061,27.188424,-37.292994,-99.137038,33.724044,-33.835689,-33.434330
136,2.716453,530.370000,480.010000,714.520000,479.330000,514.570000,296.320000,708.230000,283.110000,-302.576455,74.487375,24.731938,-35.530984,-104.452049,27.923843,-36.238589,-32.582501
137,2.736427,524.000000,481.440000,715.040000,478.590000,512.660000,296.900000,707.360000,282.470000,-317.784124,59.066724,20.162168,-30.376050,-107.848475,18.968304,-37.241256,-28.531084
138,2.756401,517.560000,482.410000,715.410000,478.170000,510.490000,297.260000,706.670000,281.960000,-330.125294,40.281254,11.792280,-21.380248,-109.273799,9.280263,-35.974745,-21.009718
139,2.776375,510.950000,482.950000,715.570000,477.710000,508.110000,297.180000,706.050000,281.540000,-336.915422,18.751140,1.112367,-10.386698,-109.425317,-2.155394,-34.571789,-12.035604
140,2.796349,504.270000,483.140000,715.450000,477.670000,506.090000,297.090000,705.280000,281.490000,-339.794176,-3.435521,-9.981158,1.951165,-106.962316,-14.049594,-31.407309,-1.202034
141,2.816323,497.400000,482.840000,715.120000,477.850000,504.000000,296.650000,704.670000,281.520000,-336.989334,-25.782745,-18.839056,14.092385,-101.522044,-26.312962,-26.865645,9.674717
142,2.836297,490.630000,482.170000,714.570000,478.280000,501.930000,296.120000,704.250000,281.860000,-329.421385,-45.701978,-25.491962,23.335692,-92.891715,-36.820447,-23.522902,18.369232
143,2.856271,484.330000,481.020000,714.030000,478.770000,500.230000,295.190000,703.790000,282.290000,-314.870555,-63.362049,-31.012855,30.399001,-83.050211,-44.712245,-19.137619,25.024374
144,2.876245,478.130000,479.600000,713.400000,479.480000,498.650000,294.260000,703.480000,282.880000,-294.166985,-76.339440,-36.996570,33.918256,-73.743106,-51.883698,-14.911440,27.223824
145,2.896219,472.520000,477.990000,712.660000,480.190000,497.360000,293.160000,703.150000,283.370000,-269.297922,-83.526745,-45.291088,35.160163,-64.020639,-54.634954,-14.080909,27.559148
146,2.916193,467.410000,476.290000,711.630000,480.770000,496.060000,292.060000,702.850000,283.930000,-242.742511,-84.833130,-56.422639,33.509603,-56.862023,-53.334794,-14.704877,24.841638
147,2.936166,462.890000,474.580000,710.400000,481.480000,495.100000,291.110000,702.650000,284.440000,-213.658939,-80.068079,-68.670739,28.928163,-52.048151,-48.763954,-17.504079,21.026835
148,2.956140,458.970000,473.110000,708.920000,482.050000,494.050000,290.030000,702.280000,284.660000,-182.004513,-70.965495,-78.947639,22.073071,-48.311733,-41.334103,-22.186078,15.122672
149,2.976114,455.600000,471.790000,707.200000,482.390000,493.130000,289.410000,701.660000,285.030000,-149.529670,-57.405758,-86.009976,14.445896,-45.278640,-31.570400,-27.574028,8.198822
150,2.996088,452.940000,470.810000,705.360000,482.570000,492.250000,288.910000,701.130000,285.090000,-114.277701,-41.484065,-90.260856,6.621202,-41.457807,-21.479931,-32.641338,1.073078
151,3.016062,451.090000,470.170000,703.580000,482.570000,491.470000,288.500000,700.370000,285.070000,-75.842970,-23.448602,-92.132275,-1.581802,-36.235574,-10.994134,-36.278171,-6.018337
152,3.036036,449.920000,469.860000,701.780000,482.520000,490.760000,288.500000,699.670000,284.800000,-34.963422,-4.429824,-92.955415,-7.606558,-28.859892,-0.884409,-37.631334,-11.334904
153,3.056010,449.610000,469.990000,699.930000,482.320000,490.280000,288.490000,698.870000,284.530000,6.813274,14.132355,-94.692820,-12.110294,-20.774661,7.038023,-38.481218,-16.933891
154,3.075984,450.180000,470.370000,697.990000,482.060000,489.970000,288.710000,698.140000,284.230000,48.334781,30.304861,-96.650988,-15.880458,-11.548858,15.618851,-39.392663,-20.155360
155,3.095958,451.630000,471.220000,696.120000,481.640000,489.900000,289.130000,697.370000,283.730000,88.854886,43.557670,-98.171618,-18.443630,-1.532107,21.929722,-37.868337,-21.974166
156,3.115932,453.760000,472.220000,694.110000,481.320000,489.900000,289.600000,696.650000,283.410000,127.615606,53.145833,-96.938075,-19.319578,9.063780,25.690647,-34.560313,-21.513094
157,3.135906,456.640000,473.300000,692.140000,480.940000,490.200000,290.150000,695.930000,282.820000,163.074332,58.806186,-91.705242,-17.830359,20.127255,29.804889,-28.965216,-19.257920
158,3.155880,460.270000,474.510000,690.420000,480.550000,490.720000,290.830000,695.370000,282.510000,195.733565,62.079296,-83.558255,-15.118101,32.721863,31.416742,-22.562345,-15.075213
159,3.175853,464.490000,475.750000,688.780000,480.280000,491.520000,291.340000,695.100000,282.300000,226.776860,62.342071,-73.728519,-12.094928,46.497596,30.753971,-14.518932,-9.502192
160,3.195827,469.290000,476.970000,687.470000,480.110000,492.550000,291.970000,694.920000,282.170000,255.156133,60.636078,-64.185286,-9.520378,60.853825,30.173085,-6.311552,-5.108643
161,3.215801,474.580000,478.130000,686.390000,479.990000,493.870000,292.710000,694.810000,282.130000,279.158293,55.508568,-55.523156,-6.627037,72.904017,28.722767,0.885284,-1.017741
162,3.235775,480.370000,479.240000,685.340000,479.850000,495.480000,293.120000,694.840000,282.110000,298.695131,46.007057,-46.354830,-4.486522,81.359389,25.564025,5.873140,0.854358
163,3.255749,486.590000,480.040000,684.470000,479.730000,497.250000,293.540000,695.110000,282.190000,312.210909,34.803832,-36.590155,-3.071410,88.312123,23.291443,9.933893,3.124801
164,3.275723,492.880000,480.620000,683.740000,479.700000,499.090000,294.150000,695.370000,282.180000,319.220146,22.721449,-24.450102,-1.764052,92.567963,20.082713,14.904536,4.387520
165,3.295697,499.280000,480.900000,683.480000,479.710000,500.850000,294.450000,695.650000,282.320000,320.349630,11.237458,-9.402217,-0.822557,95.971488,18.107235,19.537714,4.752701
166,3.315671,505.680000,480.910000,683.480000,479.700000,502.690000,294.680000,696.010000,282.440000,316.912747,0.418378,7.466710,-0.217066,98.776525,16.887891,23.435376,4.794422
167,3.335645,511.860000,480.940000,683.680000,479.690000,504.890000,295.150000,696.570000,282.570000,309.646863,-9.203434,22.833192,-0.448623,100.953217,13.861801,27.774561,4.163646
168,3.355619,517.970000,480.660000,684.430000,479.680000,506.800000,295.320000,697.270000,282.570000,300.550892,-19.654610,36.701605,-0.322682,100.896617,11.185914,33.366935,4.173857
169,3.375593,523.850000,480.210000,685.280000,479.660000,508.940000,295.580000,697.910000,282.650000,287.660152,-29.784369,49.536718,0.492386,101.094913,9.150918,37.808624,3.910207
170,3.395567,529.450000,479.470000,686.410000,479.700000,510.860000,295.700000,698.650000,282.760000,270.455414,-38.677278,62.767645,2.611894,98.972293,5.573701,41.186280,4.417765
171,3.415541,534.610000,478.620000,687.670000,479.740000,512.730000,295.720000,699.570000,282.840000,249.095783,-46.166939,75.460478,4.762329,94.859607,1.834852,44.358248,5.456415
172,3.435514,539.470000,477.560000,689.340000,479.910000,514.540000,295.780000,700.540000,283.030000,223.061545,-50.555820,88.647156,8.027756,90.956110,-2.668301,47.855135,7.429851
173,3.455488,543.570000,476.600000,691.300000,480.070000,516.570000,295.690000,701.440000,283.130000,193.567473,-52.793392,103.196722,11.708352,83.209899,-8.171494,51.631718,9.565114
174,3.475462,547.080000,475.610000,693.460000,480.360000,518.010000,295.510000,702.510000,283.320000,162.039863,-52.474698,115.563858,14.231552,76.029888,-11.793933,54.912609,12.262007
175,3.495436,550.050000,474.500000,695.850000,480.600000,519.370000,295.220000,703.660000,283.620000,130.121885,-50.067908,126.200007,16.602068,67.059955,-15.451383,58.386641,15.689456
176,3.515410,552.300000,473.530000,698.540000,481.060000,520.670000,294.720000,704.830000,284.000000,98.791210,-45.644113,133.898760,18.309228,56.580090,-18.298724,60.881833,18.532615
177,3.535384,553.910000,472.690000,701.270000,481.390000,521.580000,294.490000,706.090000,284.370000,68.795124,-39.028455,138.902079,18.544188,45.909805,-18.550801,61.959968,21.066903
178,3.555358,555.000000,472.020000,704.020000,481.660000,522.620000,294.210000,707.350000,284.770000,38.022481,-29.696648,142.724565,17.047968,36.279046,-17.206585,61.254697,21.190315
179,3.575332,555.480000,471.550000,706.960000,482.080000,523.140000,293.740000,708.560000,285.240000,6.593582,-18.044994,145.260895,13.545732,25.236773,-14.702835,59.042022,19.348267
180,3.595306,555.330000,471.270000,709.820000,482.310000,523.430000,293.480000,709.610000,285.570000,-25.342874,-4.534759,146.550260,7.610448,13.456941,-11.325957,55.055569,15.829790
181,3.615280,554.500000,471.340000,712.670000,482.340000,523.610000,293.380000,710.730000,285.890000,-58.286958,10.536758,147.412009,0.388230,0.749423,-6.602140,50.157671,10.506610
182,3.635254,553.000000,471.650000,715.720000,482.310000,523.560000,293.290000,711.700000,285.980000,-90.645196,26.260446,144.788834,-8.826680,-12.506887,0.834421,43.788838,4.010377
183,3.655228,550.860000,472.380000,718.550000,482.000000,523.260000,293.330000,712.440000,285.990000,-120.114663,41.605047,137.982076,-19.223493,-24.554940,9.269955,35.521356,-3.747797
184,3.675202,548.170000,473.380000,721.220000,481.540000,522.500000,293.580000,713.070000,285.860000,-146.483448,53.999802,128.633833,-28.214723,-38.621455,15.810340,25.745011,-11.257881
185,3.695175,544.960000,474.530000,723.740000,480.890000,521.570000,294.030000,713.560000,285.560000,-170.710065,64.061582,115.707207,-36.621178,-52.395243,23.057357,14.636315,-18.582311
186,3.715149,541.350000,475.900000,725.790000,480.090000,520.520000,294.540000,713.670000,285.160000,-193.701097,70.588546,101.291654,-43.209995,-63.258767,28.461160,3.900288,-24.795346
187,3.735123,537.350000,477.340000,727.650000,479.140000,519.120000,295.160000,713.630000,284.530000,-215.228293,72.771074,87.011476,-47.224554,-73.710916,30.729755,-6.263412,-29.678462
188,3.755097,532.850000,478.700000,729.310000,478.240000,517.470000,295.680000,713.440000,283.960000,-235.526225,70.343569,71.990432,-47.654601,-82.874088,30.624334,-15.626047,-32.256415
189,3.775071,527.890000,480.210000,730.540000,477.270000,515.810000,296.420000,713.040000,283.310000,-254.309944,63.094801,56.697181,-43.741768,-90.044471,26.889083,-22.287317,-30.993210
190,3.795045,522.650000,481.310000,731.540000,476.450000,514.050000,296.810000,712.530000,282.690000,-269.457512,50.806828,39.808901,-36.190547,-95.412290,21.541492,-27.091658,-26.538976
191,3.815019,517.220000,482.190000,732.140000,475.760000,511.910000,297.190000,711.960000,282.210000,-279.219561,35.328214,20.218574,-25.933194,-97.680885,13.113350,-30.032459,-19.589841
192,3.834993,511.540000,482.670000,732.390000,475.460000,510.050000,297.400000,711.320000,281.870000,-282.523209,17.106221,0.194698,-13.442061,-96.599541,2.562393,-31.100187,-11.363107
193,3.854967,505.810000,482.860000,732.210000,475.330000,508.220000,297.230000,710.750000,281.850000,-281.722339,-1.291894,-19.758864,0.654797,-92.794463,-9.080119,-29.982471,-1.280419
194,3.874941,500.290000,482.630000,731.520000,475.440000,506.250000,297.090000,710.090000,281.870000,-276.105166,-18.752404,-39.517534,14.648860,-86.442941,-19.904353,-28.429747,8.402468
195,3.894915,494.890000,482.110000,730.540000,475.830000,504.670000,296.460000,709.610000,282.090000,-267.250380,-35.079638,-57.969236,27.487279,-78.869935,-30.794330,-26.317241,17.127325
196,3.914889,489.720000,481.220000,729.250000,476.540000,503.270000,295.760000,709.050000,282.520000,-255.315723,-49.720816,-75.537501,38.007893,-71.899405,-39.890787,-25.195149,24.326981
197,3.934863,484.650000,480.190000,727.560000,477.410000,501.840000,294.940000,708.620000,283.120000,-241.755793,-61.360507,-92.687194,46.524826,-64.257642,-45.911069,-24.754111,29.209610
198,3.954836,480.100000,478.790000,725.560000,478.410000,500.580000,293.950000,708.060000,283.710000,-225.021560,-68.414188,-109.649969,50.727956,-58.830693,-49.661006,-26.500756,32.390623
199,3.974810,475.710000,477.450000,723.190000,479.400000,499.510000,292.940000,707.550000,284.370000,-203.480651,-70.856378,-127.468269,50.528784,-55.160212,-49.406789,-30.750859,31.779006
200,3.994784,471.910000,475.940000,720.490000,480.400000,498.500000,291.930000,706.850000,284.970000,-178.190196,-67.281106,-144.053026,47.282418,-50.058571,-47.013225,-35.682405,28.756222
201,4.014758,468.560000,474.710000,717.440000,481.330000,497.490000,291.130000,706.160000,285.480000,-149.745861,-59.503871,-159.288704,41.455181,-45.322112,-40.814583,-42.335700,21.828677
202,4.034732,465.920000,473.640000,714.160000,482.020000,496.510000,290.320000,705.130000,285.910000,-120.027039,-47.133040,-172.223791,32.891470,-42.371683,-31.973412,-49.137693,13.626645
203,4.054706,463.880000,472.820000,710.550000,482.580000,495.810000,289.770000,704.110000,286.060000,-89.047639,-33.331924,-181.207436,23.037032,-39.502363,-22.518193,-57.037076,4.243490
204,4.074680,462.380000,472.370000,706.890000,482.990000,495.140000,289.440000,702.970000,286.080000,-59.515639,-17.447965,-187.958566,11.310883,-36.762777,-12.671534,-63.605470,-4.668092
205,4.094654,461.510000,472.090000,703.050000,483.070000,494.350000,289.340000,701.600000,285.720000,-29.839316,-2.535260,-190.831290,-0.187599,-34.156037,-2.957917,-68.533224,-13.206031
206,4.114628,461.200000,472.260000,699.280000,482.930000,493.650000,289.360000,700.190000,285.550000,0.064186,12.275427,-191.426278,-11.418444,-30.769045,6.124633,-71.215335,-19.252474
207,4.134602,461.490000,472.590000,695.520000,482.650000,493.130000,289.500000,698.670000,285.080000,30.890999,25.140396,-190.177563,-21.199262,-25.730132,13.681398,-72.445377,-24.653456
208,4.154576,462.380000,473.280000,691.640000,482.060000,492.650000,289.870000,697.320000,284.550000,62.899032,36.378146,-186.352159,-28.309544,-16.952661,19.363633,-70.669168,-28.430720
209,4.174550,463.980000,474.030000,688.120000,481.500000,492.410000,290.340000,695.970000,283.910000,95.135317,44.547987,-179.221552,-32.518217,-6.318943,24.414022,-66.698859,-31.265807
210,4.194523,466.200000,475.010000,684.520000,480.760000,492.420000,290.840000,694.640000,283.380000,126.634042,49.109782,-169.497723,-34.957879,5.191404,27.460340,-60.828248,-32.405502
211,4.214497,468.970000,476.010000,681.230000,480.120000,492.620000,291.430000,693.490000,282.590000,154.938529,51.222871,-155.884012,-35.029845,17.770160,28.613651,-53.359009,-29.299277
212,4.234471,472.400000,477.090000,678.370000,479.430000,493.140000,291.920000,692.510000,282.150000,179.146085,49.547415,-139.003318,-32.706886,30.403475,27.045755,-44.116480,-24.244609
213,4.254445,476.210000,477.960000,675.730000,478.790000,493.820000,292.580000,691.730000,281.610000,198.926539,45.703923,-120.870797,-29.250164,41.228098,26.001464,-32.549630,-17.450299
214,4.274419,480.350000,478.860000,673.480000,478.210000,494.800000,292.980000,691.210000,281.410000,213.942039,39.490596,-100.925403,-24.556885,52.239348,23.765449,-22.084352,-11.143999
215,4.294393,484.700000,479.590000,671.720000,477.810000,495.950000,293.450000,690.830000,281.290000,226.722593,32.165582,-82.040542,-19.548995,61.293501,20.117724,-13.395867,-5.089776
216,4.314367,489.330000,480.100000,670.340000,477.510000,497.210000,293.760000,690.750000,281.240000,236.163905,23.797931,-61.662377,-14.098706,68.966287,18.471346,-5.383574,-1.853524
217,4.334341,494.110000,480.530000,669.270000,477.270000,498.630000,294.280000,690.750000,281.230000,243.585296,15.539979,-39.221305,-8.940757,76.026970,17.207363,2.235919,1.296465
218,4.354315,498.960000,480.760000,668.680000,477.100000,500.330000,294.430000,690.720000,281.200000,248.059078,7.549082,-15.435920,-4.278792,80.987012,16.171922,10.178093,2.725679
219,4.374289,504.100000,480.800000,668.560000,477.090000,501.840000,294.710000,691.000000,281.340000,247.922731,0.185459,10.110308,-0.068368,84.759511,14.706142,18.595148,4.945648
220,4.394263,508.890000,480.720000,669.110000,477.120000,503.640000,295.230000,691.520000,281.410000,243.457312,-6.635595,36.818989,4.767191,86.798689,13.843517,27.243371,6.631705
221,4.414237,513.730000,480.560000,670.110000,477.280000,505.410000,295.370000,692.170000,281.610000,234.139510,-12.653251,62.842432,8.625758,87.595084,12.851159,36.141045,7.929240
222,4.434211,518.320000,480.290000,671.620000,477.470000,507.070000,295.520000,692.980000,281.750000,221.650712,-17.720173,86.583859,12.563293,86.114327,11.625590,44.310692,9.407371
223,4.454184,522.530000,479.800000,673.580000,477.760000,508.810000,295.820000,693.890000,281.970000,206.896430,-22.676713,108.058150,15.759283,83.576149,8.908080,49.706811,9.858815
224,4.474158,526.550000,479.350000,675.940000,478.150000,510.470000,296.000000,694.960000,282.130000,191.327470,-26.803793,128.191434,19.674450,79.931342,7.170189,55.373680,10.580910
225,4.494132,530.090000,478.810000,678.690000,478.480000,512.070000,296.110000,696.130000,282.390000,173.314860,-30.029541,148.003885,23.433042,77.175126,4.283460,60.997563,12.342531
226,4.514106,533.470000,478.150000,681.800000,479.070000,513.410000,296.080000,697.440000,282.700000,154.570139,-32.416006,166.969951,27.310378,73.743982,-0.781225,67.247457,15.183843
227,4.534080,536.340000,477.470000,685.290000,479.560000,514.880000,296.130000,698.710000,282.900000,134.188765,-33.767029,184.888324,29.988015,68.316061,-5.604433,73.429955,17.707335
228,4.554054,538.780000,476.850000,689.190000,480.260000,516.310000,295.990000,700.330000,283.320000,110.969678,-34.323018,201.030292,31.534709,62.974403,-10.288182,79.779532,21.864466
229,4.574028,540.770000,476.150000,693.330000,480.860000,517.500000,295.570000,701.940000,283.880000,86.318070,-32.653689,213.350358,30.934081,57.063626,-14.171742,85.685641,24.123725
230,4.594002,542.250000,475.500000,697.710000,481.470000,518.500000,295.390000,703.750000,284.310000,60.046537,-28.657122,221.783849,27.712903,49.138860,-16.358743,89.070299,25.426414
231,4.613976,543.220000,474.990000,702.200000,481.940000,519.310000,295.070000,705.500000,284.800000,35.052505,-22.991129,225.621021,22.018221,39.136015,-16.379166,90.464794,25.452477
232,4.633950,543.590000,474.580000,706.740000,482.340000,520.150000,294.630000,707.370000,285.430000,10.107099,-16.154612,225.810467,13.209143,29.976539,-14.241764,88.777084,22.489601
233,4.653924,543.570000,474.370000,711.160000,482.500000,520.670000,294.450000,709.090000,285.650000,-12.778609,-6.925406,223.104530,2.379754,21.876719,-10.960290,85.316959,18.527753
234,4.673898,543.080000,474.370000,715.620000,482.470000,520.880000,294.290000,710.660000,286.060000,-34.307555,3.188015,218.530384,-10.163991,13.011235,-7.415652,79.856264,12.234484
235,4.693872,542.230000,474.480000,719.870000,482.080000,521.040000,294.210000,712.280000,286.290000,-55.315718,14.557735,212.664344,-22.716684,2.977075,-1.334588,73.261904,4.183583
236,4.713845,540.870000,474.810000,724.030000,481.520000,521.080000,294.170000,713.610000,286.230000,-75.372951,25.640174,204.014953,-35.121262,-7.725011,4.484966,63.192830,-4.190390
237,4.733819,539.250000,475.540000,727.970000,480.660000,520.890000,294.360000,714.760000,286.090000,-96.503748,36.436691,191.890072,-46.199616,-18.852477,11.349492,51.384990,-12.687289
238,4.753793,537.060000,476.340000,731.730000,479.700000,520.330000,294.620000,715.750000,285.660000,-117.292899,45.775014,173.813082,-55.356272,-31.003811,18.938545,37.778379,-21.322870
239,4.773767,534.520000,477.350000,735.050000,478.550000,519.560000,295.090000,716.360000,285.270000,-137.335934,52.165145,152.225298,-61.283678,-43.191322,24.839110,23.614125,-27.674003
240,4.793741,531.680000,478.340000,737.810000,477.230000,518.610000,295.580000,716.560000,284.650000,-154.987252,53.890199,127.098615,-64.618641,-53.853438,27.918105,11.321873,-31.627098
241,4.813715,528.300000,479.520000,740.090000,475.920000,517.410000,296.300000,716.720000,283.930000,-170.110118,51.839740,101.540327,-63.433237,-61.379666,27.542129,-0.033941,-33.708484
242,4.833689,524.800000,480.500000,741.720000,474.720000,516.170000,296.760000,716.650000,283.320000,-181.315678,46.648628,77.159274,-57.463332,-66.610457,24.620390,-8.215744,-32.684713
243,4.853663,521.080000,481.330000,743.110000,473.680000,514.790000,297.170000,716.410000,282.630000,-190.031977,37.398610,53.883683,-46.979479,-69.767448,18.850532,-14.219785,-29.114984
244,4.873637,517.260000,481.940000,743.910000,472.800000,513.320000,297.470000,716.090000,282.180000,-195.912508,25.941168,30.705539,-32.801415,-71.216794,11.925710,-18.620725,-21.544312
245,4.893611,513.300000,482.380000,744.360000,472.360000,511.980000,297.640000,715.620000,281.780000,-199.532419,12.761784,6.121521,-15.444575,-70.711570,3.573327,-22.338958,-11.571421
246,4.913585,509.310000,482.480000,744.260000,472.250000,510.550000,297.650000,715.240000,281.650000,-201.949323,-0.404373,-20.270701,3.812469,-68.769936,-5.184013,-23.801237,-0.175248
247,4.933559,505.270000,482.310000,743.520000,472.440000,509.240000,297.440000,714.670000,281.750000,-201.272352,-13.918207,-48.295686,22.688578,-64.765977,-15.087369,-24.552800,11.191458
248,4.953532,501.270000,481.940000,742.320000,473.120000,507.920000,297.080000,714.230000,282.140000,-197.292221,-26.778604,-75.095102,40.432869,-59.951522,-24.707333,-24.810809,21.113778
249,4.973506,497.380000,481.290000,740.520000,474.150000,506.810000,296.450000,713.680000,282.690000,-189.269328,-37.718958,-101.000871,54.909399,-54.366539,-33.147437,-25.709320,29.912353
250,4.993480,493.690000,480.430000,738.230000,475.330000,505.790000,295.700000,713.190000,283.310000,-177.935590,-45.868765,-124.528733,65.396559,-48.103711,-39.146032,-27.854697,35.868157
251,5.013454,490.270000,479.450000,735.530000,476.660000,504.900000,294.910000,712.590000,283.990000,-163.967882,-51.123577,-146.423444,71.369771,-43.137250,-42.957334,-31.988389,38.497848
252,5.033428,487.170000,478.390000,732.420000,478.210000,504.060000,294.020000,711.930000,284.830000,-148.450465,-51.986493,-168.107896,72.916271,-39.266819,-43.386896,-38.797384,38.044265
253,5.053402,484.400000,477.390000,728.860000,479.600000,503.330000,293.170000,711.050000,285.620000,-132.110978,-48.743239,-189.143386,70.239509,-37.633473,-40.689906,-47.276000,34.511882
254,5.073376,481.920000,476.440000,724.910000,480.900000,502.590000,292.410000,710.040000,286.240000,-115.586517,-42.048613,-209.579902,63.164433,-37.185628,-35.455614,-58.196708,27.433207
255,5.093350,479.780000,475.690000,720.560000,482.130000,501.830000,291.700000,708.720000,286.640000,-97.902036,-32.094394,-227.907607,51.470183,-38.252093,-28.256833,-69.475206,17.975751
256,5.113324,478.020000,475.210000,715.790000,483.060000,501.080000,291.310000,707.290000,286.930000,-78.624860,-20.133090,-242.114458,36.993653,-39.699687,-18.779927,-79.950696,6.720107
257,5.133298,476.630000,474.880000,710.830000,483.580000,500.250000,291.000000,705.570000,286.930000,-57.824817,-6.943786,-250.825992,21.318493,-41.079400,-9.100250,-88.203687,-4.658658
258,5.153272,475.660000,474.880000,705.750000,483.820000,499.440000,290.930000,703.670000,286.720000,-34.928898,5.737668,-254.829853,3.721052,-40.563868,1.101086,-94.127592,-15.429599
259,5.173246,475.240000,475.150000,700.650000,483.720000,498.610000,291.000000,701.770000,286.370000,-11.670812,16.831388,-254.590613,-13.141845,-38.276600,10.164672,-97.328542,-25.107719
260,5.193220,475.230000,475.570000,695.640000,483.360000,497.890000,291.350000,699.850000,285.710000,11.564905,26.000978,-251.623263,-27.961090,-33.739118,17.645289,-98.556250,-33.465451
261,5.213193,475.670000,476.200000,690.720000,482.660000,497.250000,291.710000,697.910000,284.970000,33.851347,32.193396,-246.732756,-40.135765,-27.267198,23.008148,-96.791322,-39.337716
262,5.233167,476.630000,476.830000,685.820000,481.680000,496.830000,292.280000,695.990000,284.190000,54.401355,35.105799,-238.900380,-49.174941,-19.768979,25.263809,-93.460250,-41.906236
263,5.253141,477.850000,477.580000,681.150000,480.670000,496.500000,292.750000,694.150000,283.340000,73.468759,35.570177,-227.693751,-54.212687,-10.733693,25.273826,-87.560074,-41.762497
264,5.273115,479.530000,478.290000,676.710000,479.530000,496.390000,293.280000,692.470000,282.470000,91.780807,33.690395,-212.198701,-56.221133,-1.730500,23.125531,-78.163789,-38.737671
265,5.293089,481.510000,478.890000,672.660000,478.460000,496.430000,293.650000,691.040000,281.750000,108.761379,29.798179,-191.815382,-54.360315,8.502637,20.087770,-66.780648,-33.681739
266,5.313063,483.820000,479.470000,669.070000,477.420000,496.690000,294.040000,689.780000,281.220000,124.349303,24.843972,-168.055088,-50.283612,18.595537,16.114057,-54.631356,-26.680866
267,5.333037,486.460000,479.900000,665.950000,476.450000,497.210000,294.350000,688.880000,280.670000,138.314580,19.021111,-142.645791,-44.369529,29.337399,13.401994,-41.790214,-18.897504
268,5.353011,489.360000,480.210000,663.400000,475.580000,497.810000,294.560000,688.200000,280.390000,149.278760,13.596206,-116.003047,-36.289938,38.328533,10.849326,-29.866450,-11.963249
269,5.372985,492.430000,480.430000,661.400000,475.030000,498.750000,294.740000,687.650000,280.260000,157.349696,8.496705,-89.203534,-27.479888,45.006724,9.316538,-19.518652,-6.509556
270,5.392959,495.620000,480.550000,659.870000,474.540000,499.670000,294.910000,687.380000,280.190000,161.530166,4.170356,-61.138189,-18.207697,50.604544,8.329918,-9.059307,-1.879879
271,5.412933,498.880000,480.600000,658.930000,474.290000,500.800000,295.130000,687.380000,280.180000,162.754276,1.197463,-31.378133,-8.771441,54.405245,8.200184,0.914265,1.585887
272,5.432907,502.140000,480.590000,658.600000,474.220000,501.800000,295.250000,687.410000,280.210000,161.440694,-0.945872,1.012101,0.081400,56.892171,8.405093,11.670229,3.838047
273,5.452881,505.320000,480.540000,658.900000,474.280000,502.930000,295.430000,687.700000,280.310000,159.189993,-2.664702,35.422743,8.842338,57.990826,9.146153,22.422302,6.216050
274,5.472854,508.420000,480.490000,659.980000,474.530000,504.250000,295.630000,688.360000,280.480000,155.428484,-4.464835,70.230562,18.053650,59.773453,10.480060,32.814544,8.527533
275,5.492828,511.490000,480.400000,661.720000,475.010000,505.350000,295.810000,689.070000,280.650000,150.418649,-6.115492,103.329957,26.400781,60.472695,11.368942,42.737448,10.629147
276,5.512802,514.410000,480.270000,664.170000,475.580000,506.550000,296.050000,690.050000,280.920000,143.990979,-7.525839,132.661813,34.005880,60.781275,11.640762,52.448440,12.918068
277,5.532776,517.290000,480.070000,667.080000,476.360000,507.760000,296.330000,691.170000,281.180000,135.012975,-9.363511,158.367826,40.270264,59.608806,10.085801,60.662433,16.000078
278,5.552750,519.820000,479.840000,670.490000,477.210000,509.010000,296.520000,692.470000,281.510000,123.099713,-11.385184,181.147724,44.969282,58.422430,6.831849,68.986224,19.656361
279,5.572724,522.180000,479.650000,674.310000,478.130000,510.110000,296.570000,693.890000,281.930000,109.182188,-13.319329,202.735410,47.507654,56.909190,2.675400,77.828464,23.584365
280,5.592698,524.230000,479.380000,678.460000,479.080000,511.220000,296.600000,695.570000,282.460000,94.472448,-15.781456,223.844909,48.485619,54.728705,-2.295631,86.503140,27.525888
281,5.612672,525.910000,479.000000,683.160000,480.050000,512.290000,296.490000,697.340000,283.080000,79.567329,-18.060360,243.935403,47.087331,52.152988,-6.845464,94.602668,31.007312
282,5.632646,527.340000,478.640000,688.210000,480.980000,513.310000,296.290000,699.320000,283.680000,65.698331,-19.655583,260.751035,43.776098,49.556460,-10.574297,101.474585,33.124291
283,5.652620,528.530000,478.240000,693.590000,481.740000,514.240000,296.100000,701.400000,284.340000,51.788391,-20.300849,272.883211,37.174639,46.830586,-13.869678,106.657917,33.255679
284,5.672594,529.430000,477.800000,699.180000,482.450000,515.220000,295.770000,703.610000,285.030000,38.003517,-19.117585,279.219756,27.434471,42.848607,-16.338320,109.581601,31.519246
285,5.692568,530.050000,477.490000,704.760000,482.880000,515.940000,295.450000,705.740000,285.620000,23.814366,-15.819481,280.014985,14.169992,38.212317,-16.355145,109.882596,27.373592
286,5.712542,530.400000,477.220000,710.310000,483.050000,516.690000,295.110000,707.950000,286.130000,8.088441,-10.804687,277.564528,-1.217691,32.175015,-14.998967,107.265352,21.178840
287,5.732515,530.400000,477.010000,715.760000,482.820000,517.270000,294.810000,710.060000,286.450000,-7.939840,-3.622342,272.098388,-18.113848,24.678158,-11.383238,102.039132,12.722008
288,5.752489,530.070000,477.020000,721.100000,482.300000,517.680000,294.650000,712.030000,286.640000,-23.947990,4.688806,263.985925,-35.443166,16.079436,-5.231764,93.937951,3.367250
289,5.772463,529.470000,477.240000,726.280000,481.390000,517.930000,294.660000,713.770000,286.570000,-38.888217,13.395769,252.350513,-51.477088,6.794018,1.863638,83.226626,-7.032674
290,5.792437,528.490000,477.570000,731.220000,480.280000,517.930000,294.690000,715.350000,286.370000,-52.176523,22.149900,236.344405,-64.786984,-3.578578,9.954802,69.737398,-16.727620
291,5.812411,527.350000,478.100000,735.750000,478.850000,517.770000,295.000000,716.600000,285.930000,-63.760490,28.984667,215.372128,-74.865491,-13.443326,16.839946,55.086592,-26.047951
292,5.832385,525.940000,478.720000,739.810000,477.270000,517.430000,295.420000,717.550000,285.350000,-73.916506,32.910921,189.966332,-80.727155,-22.736426,22.803724,39.900901,-33.710040
293,5.852359,524.410000,479.430000,743.320000,475.610000,516.870000,295.900000,718.190000,284.570000,-83.959614,34.808305,161.853723,-81.235782,-30.202261,26.193440,25.711751,-36.645297
294,5.872333,522.650000,480.140000,746.290000,474.070000,516.200000,296.480000,718.550000,283.890000,-93.433505,34.059660,133.436813,-76.508173,-36.875589,26.608025,12.605598,-37.241451
295,5.892307,520.700000,480.750000,748.600000,472.560000,515.400000,296.940000,718.690000,283.030000,-102.773190,30.166083,105.199236,-66.123614,-40.756621,23.704861,3.167106,-34.043322
296,5.912281,518.590000,481.290000,750.390000,471.400000,514.570000,297.470000,718.670000,282.470000,-110.107053,23.779647,77.667221,-51.812801,-42.726069,19.149387,-3.549986,-28.541392
297,5.932255,516.240000,481.760000,751.670000,470.540000,513.740000,297.690000,718.550000,282.140000,-115.450656,15.655807,49.519310,-33.809528,-42.876324,11.695417,-8.736333,-19.375886
298,5.952229,513.930000,481.960000,752.440000,470.060000,512.780000,297.870000,718.280000,281.640000,-118.594130,7.012252,20.045077,-13.425820,-42.215108,3.873252,-11.445480,-8.461694
299,5.972202,511.540000,481.970000,752.520000,470.010000,512.130000,297.890000,718.150000,281.630000,-119.719237,-2.302633,-11.204976,8.359093,-39.418726,-4.317596,-13.699195,3.675150
300,5.992176,509.220000,481.810000,752.040000,470.360000,511.270000,297.720000,717.800000,281.770000,-117.655649,-12.287584,-43.591903,29.688187,-35.173000,-12.780554,-15.466652,14.778594
301,6.012150,506.860000,481.530000,750.770000,471.190000,510.600000,297.290000,717.400000,282.340000,-114.582780,-20.533573,-75.874285,49.412721,-30.464257,-20.440114,-16.987866,24.793304
302,6.032124,504.540000,481.080000,748.930000,472.350000,509.990000,296.960000,717.150000,282.880000,-110.845973,-27.263405,-106.471680,66.935376,-26.437347,-27.710472,-20.894961,34.219348
303,6.052098,502.420000,480.410000,746.490000,473.830000,509.620000,296.280000,716.600000,283.580000,-106.165142,-32.720015,-134.812247,79.540876,-23.728396,-32.722835,-25.431763,38.420047
304,6.072072,500.480000,479.690000,743.570000,475.520000,509.170000,295.590000,716.100000,284.360000,-100.651737,-34.975190,-161.270892,86.283351,-22.310171,-34.253580,-33.077027,40.671623
305,6.092046,498.410000,479.090000,740.060000,477.260000,508.670000,294.860000,715.380000,285.150000,-94.150933,-34.043516,-186.946466,87.959098,-23.802988,-34.116747,-43.395746,40.246924
306,6.112020,496.630000,478.350000,736.110000,479.100000,508.170000,294.210000,714.280000,286.110000,-86.108881,-30.001435,-212.792619,84.172790,-25.737134,-31.238869,-54.958025,37.573372
307,6.131994,494.960000,477.800000,731.640000,480.570000,507.660000,293.660000,713.240000,286.600000,-76.473551,-23.056677,-238.343710,74.541350,-28.945960,-25.848779,-67.767074,30.337246
308,6.151968,493.570000,477.490000,726.690000,481.950000,506.990000,293.290000,711.520000,287.210000,-64.456911,-14.789584,-261.156187,61.794737,-32.090893,-18.663030,-82.337646,19.832484
309,6.171942,492.380000,477.230000,721.190000,483.130000,506.380000,292.840000,709.940000,287.540000,-51.547401,-5.870806,-280.490838,45.254813,-34.878424,-10.148723,-94.176218,8.604071
310,6.191916,491.540000,477.200000,715.430000,483.770000,505.700000,292.790000,707.950000,287.540000,-39.564118,2.975811,-293.312822,26.396404,-36.832993,-2.291741,-104.686815,-4.886033
311,6.211890,490.840000,477.410000,709.400000,484.070000,504.820000,292.770000,705.620000,287.260000,-27.805779,10.464013,-301.495986,5.845229,-39.063854,6.119479,-112.787510,-17.897657
312,6.231863,490.420000,477.660000,703.440000,484.120000,504.050000,293.120000,703.320000,286.820000,-17.848545,17.064111,-304.379602,-14.965415,-40.092001,12.928960,-116.120528,-29.646563
313,6.251837,490.150000,478.020000,697.320000,483.510000,503.370000,293.360000,701.120000,286.260000,-7.771497,22.196095,-302.139988,-33.041044,-39.036624,18.263227,-117.755527,-36.675153
314,6.271811,490.130000,478.490000,691.490000,482.700000,502.590000,293.680000,698.670000,285.190000,3.704131,24.944822,-298.279865,-48.683332,-35.477690,21.133326,-115.425663,-42.505308
315,6.291785,490.270000,479.060000,685.390000,481.520000,501.750000,294.240000,696.460000,284.390000,16.161225,25.339373,-290.134921,-61.006608,-30.712444,22.126170,-110.221324,-45.266581
316,6.311759,490.620000,479.550000,679.850000,480.340000,501.290000,294.570000,694.350000,283.640000,28.477401,23.462023,-276.526073,-67.722435,-24.590339,19.948117,-103.154612,-44.409694
317,6.331733,491.400000,479.980000,674.520000,478.920000,500.960000,295.040000,692.310000,282.750000,40.019646,19.054177,-257.452445,-70.206249,-16.267424,16.534964,-92.568450,-41.025814
318,6.351707,492.400000,480.330000,669.370000,477.390000,500.650000,295.360000,690.540000,281.750000,49.940994,13.469584,-234.355020,-70.298152,-7.535953,11.383919,-79.162566,-34.903029
319,6.371681,493.400000,480.500000,665.110000,476.130000,500.520000,295.440000,689.200000,281.260000,56.818649,8.282653,-206.558869,-65.462884,0.076440,6.251450,-67.358324,-30.564621
320,6.391655,494.600000,480.610000,661.340000,474.940000,500.660000,295.490000,687.940000,280.770000,62.011025,3.843590,-179.788628,-58.754740,3.930728,3.272916,-54.988660,-24.267852
321,6.411629,495.860000,480.650000,657.990000,473.730000,500.840000,295.550000,687.040000,280.300000,64.951728,0.578941,-149.744305,-48.450511,8.756756,1.169551,-42.611701,-17.519834
322,6.431603,497.230000,480.650000,655.330000,472.890000,501.030000,295.600000,686.290000,280.090000,69.403823,-1.233057,-118.962812,-38.034054,13.350450,0.870891,-31.925856,-12.350409
323,6.451577,498.550000,480.630000,653.300000,472.370000,501.320000,295.600000,685.600000,279.690000,73.270073,-1.696657,-86.883492,-26.528861,16.815146,1.846036,-21.662473,-8.859843
324,6.471551,500.140000,480.540000,651.720000,471.840000,501.490000,295.680000,685.420000,279.690000,75.297192,-1.727680,-50.775901,-13.493605,20.483780,2.600808,-9.166089,-4.328391
325,6.491524,501.550000,480.550000,651.250000,471.800000,502.190000,295.710000,685.400000,279.680000,76.811307,-0.871863,-12.238083,-0.363041,24.576238,4.293185,2.688723,-0.520395
326,6.511498,503.260000,480.540000,651.340000,471.800000,502.690000,295.770000,685.440000,279.680000,76.207761,0.176707,27.901475,12.447369,28.396682,6.112769,14.976016,3.231486
327,6.531472,504.650000,480.560000,652.290000,472.260000,503.210000,295.990000,685.870000,279.740000,73.980012,1.001695,67.551175,25.295318,30.084975,7.835975,26.289622,8.072589
328,6.551446,506.080000,480.570000,653.990000,472.850000,503.840000,296.110000,686.660000,279.930000,69.391181,1.692280,103.708850,36.717166,29.996281,8.495343,37.496348,12.030158
329,6.571420,507.500000,480.630000,656.490000,473.710000,504.460000,296.330000,687.390000,280.230000,64.877720,1.392161,136.310704,45.747394,30.365546,7.779861,49.068936,17.260074
330,6.591394,508.680000,480.630000,659.620000,474.750000,505.120000,296.430000,688.490000,280.670000,59.364606,0.840256,167.526330,53.812009,31.719293,5.957749,59.300128,22.036893
331,6.611368,509.850000,480.630000,663.120000,475.810000,505.630000,296.560000,689.780000,281.180000,55.603583,-0.636903,196.172268,59.268716,32.573943,3.352759,69.294123,26.518845
332,6.631342,510.850000,480.630000,667.210000,476.990000,506.320000,296.560000,691.360000,281.690000,51.723135,-3.771818,221.931964,62.537742,34.025622,-0.005349,81.115579,31.383288
333,6.651316,511.880000,480.500000,672.010000,478.320000,507.180000,296.500000,692.950000,282.330000,47.771207,-7.505708,247.777145,62.718436,36.780866,-4.244365,91.938841,35.922131
334,6.671290,512.770000,480.350000,677.200000,479.580000,507.730000,296.460000,694.860000,283.080000,43.709772,-11.343268,272.553429,60.771161,39.514811,-8.448954,101.279206,38.250634
335,6.691264,513.660000,480.070000,682.850000,480.740000,508.610000,296.230000,697.100000,283.940000,37.874755,-15.259213,293.281409,55.440686,40.919518,-12.353813,109.704625,41.484941
336,6.711238,514.380000,479.670000,688.720000,481.670000,509.460000,295.890000,699.390000,284.820000,31.065566,-17.963108,308.304787,44.804245,40.573204,-15.846907,115.966092,41.565173
337,6.731211,514.840000,479.380000,695.250000,482.510000,510.320000,295.590000,701.570000,285.530000,23.512205,-17.882486,317.147513,31.859628,40.297884,-17.365592,119.458797,39.056366
338,6.751185,515.290000,479.000000,701.590000,483.070000,511.060000,295.230000,704.100000,286.170000,16.774981,-15.673215,321.896810,15.473362,38.829477,-16.300198,119.710484,32.685782
339,6.771159,515.520000,478.670000,707.940000,483.150000,511.730000,294.940000,706.440000,287.060000,10.417041,-11.678884,321.427959,-2.940800,35.132738,-13.301241,117.432359,24.110887
340,6.791133,515.680000,478.500000,714.320000,482.810000,512.450000,294.630000,708.730000,287.240000,6.343742,-6.573840,314.869679,-22.909924,30.691340,-8.459165,110.437029,15.633925
341,6.811107,515.780000,478.510000,720.460000,482.320000,513.070000,294.640000,710.880000,287.510000,2.731028,-0.691461,305.486037,-42.915127,24.662208,-1.846036,102.847685,3.505542
342,6.831081,515.790000,478.520000,726.580000,481.140000,513.460000,294.630000,712.890000,287.320000,-0.760899,6.034773,294.241966,-59.911551,18.368551,5.553181,91.061629,-8.825222
343,6.851055,515.700000,478.650000,732.210000,479.890000,513.800000,294.720000,714.490000,287.180000,-5.109421,12.183622,275.100943,-73.036085,11.479032,11.585133,77.899069,-20.319327
344,6.871029,515.660000,478.970000,737.370000,478.240000,513.850000,295.120000,715.770000,286.800000,-10.528783,17.239262,250.667763,-82.691935,4.580565,16.545370,64.373663,-28.515232
345,6.891003,515.360000,479.380000,742.400000,476.530000,513.910000,295.530000,717.330000,285.820000,-16.038979,21.089173,222.303564,-87.036859,-0.224263,20.146997,51.485257,-35.701759
346,6.910977,515.020000,479.840000,746.460000,474.840000,513.940000,295.900000,717.880000,285.300000,-20.918885,23.236106,190.456579,-85.240421,-4.485063,23.250305,38.653451,-37.116774
347,6.930951,514.440000,480.320000,749.720000,473.180000,513.780000,296.290000,718.540000,284.440000,-24.370161,22.647052,159.009202,-79.714471,-7.706047,23.069806,26.825383,-35.990111
348,6.950925,513.980000,480.720000,752.670000,471.630000,513.570000,296.810000,719.140000,283.780000,-26.137131,19.556872,126.777878,-68.323938,-9.321498,20.985211,16.139732,-30.574930
349,6.970899,513.460000,481.080000,754.880000,470.450000,513.430000,297.260000,719.330000,283.270000,-25.434972,15.523058,95.456345,-53.469682,-10.163894,17.152124,7.842977,-22.749263
350,6.990872,512.950000,481.350000,756.450000,469.540000,513.130000,297.560000,719.320000,282.970000,-25.459966,10.389421,65.377886,-34.378646,-9.369151,11.842656,4.106170,-16.236692
351,7.010846,512.470000,481.490000,757.530000,469.040000,513.030000,297.630000,719.360000,282.610000,-25.105872,3.935882,32.427190,-12.729302,-7.690389,4.475338,-0.823529,-6.797422
352,7.030820,511.960000,481.480000,757.780000,469.040000,512.900000,297.700000,719.360000,282.610000,-26.739315,-2.430714,-2.675886,9.909775,-5.889381,-2.778195,-3.323681,2.160451
353,7.050794,511.470000,481.430000,757.430000,469.430000,512.800000,297.520000,719.270000,282.800000,-27.612248,-9.289891,-37.984455,31.775894,-4.106073,-9.363025,-6.255729,12.302950
354,7.070768,510.820000,481.150000,756.280000,470.320000,512.710000,297.370000,719.160000,283.000000,-27.669237,-15.020654,-72.587754,51.372639,-2.040637,-14.240791,-9.973183,21.329094
355,7.090742,510.340000,480.750000,754.470000,471.500000,512.660000,296.950000,718.870000,283.610000,-27.053147,-19.761588,-107.108291,68.154136,-1.808885,-19.478973,-15.674965,29.464799
356,7.110716,509.690000,480.390000,751.990000,473.030000,512.670000,296.580000,718.460000,284.290000,-25.073876,-22.843500,-139.283695,81.190268,-2.177567,-23.299904,-24.097272,35.631737
357,7.130690,509.310000,479.850000,748.860000,474.710000,512.620000,296.040000,717.840000,285.040000,-22.993755,-24.504855,-171.403277,89.520964,-3.599682,-24.708695,-33.443180,38.625637
358,7.150664,508.900000,479.430000,745.270000,476.490000,512.560000,295.620000,717.280000,285.700000,-20.734398,-23.116778,-202.301180,91.857733,-5.452331,-25.161889,-44.689488,38.166316
359,7.170638,508.450000,478.940000,740.800000,478.440000,512.320000,294.980000,716.150000,286.560000,-19.118558,-19.846488,-232.615281,88.872099,-9.100055,-22.874718,-56.639511,33.937901
360,7.190612,508.120000,478.590000,735.980000,480.130000,512.110000,294.690000,714.770000,287.250000,-17.742443,-15.139982,-260.918114,80.164066,-13.767077,-19.699346,-69.179755,27.983847
361,7.210586,507.710000,478.300000,730.420000,481.570000,511.860000,294.330000,713.420000,287.550000,-17.917983,-8.771636,-287.247804,66.189842,-18.940198,-13.891268,-82.669470,18.493714
362,7.230560,507.420000,478.290000,724.510000,482.700000,511.470000,294.040000,711.580000,287.900000,-17.402645,-2.350384,-307.683250,48.528021,-24.700526,-7.021782,-94.815261,7.562600
363,7.250533,507.100000,478.290000,718.190000,483.520000,510.800000,294.020000,709.640000,287.970000,-16.781303,4.767969,-321.446145,28.093645,-31.212124,0.531190,-104.105930,-3.652684
364,7.270507,506.720000,478.390000,711.640000,483.880000,510.160000,294.050000,707.440000,287.780000,-15.814911,9.906468,-329.468941,7.557932,-36.486290,7.211326,-114.259807,-13.365913
365,7.290481,506.380000,478.670000,704.920000,483.780000,509.410000,294.350000,704.990000,287.300000,-13.928515,14.825178,-330.397308,-12.326679,-39.427771,13.803741,-119.936401,-22.263782
366,7.310455,506.140000,479.010000,698.520000,483.390000,508.580000,294.650000,702.690000,286.860000,-11.886809,17.953480,-327.042214,-30.517162,-39.649603,17.615821,-121.273323,-30.990779
367,7.330429,505.950000,479.420000,692.000000,482.520000,507.710000,295.000000,700.230000,286.200000,-10.031048,20.039533,-319.948368,-46.369709,-38.531497,19.536547,-120.271142,-37.648936
368,7.350403,505.770000,479.730000,685.740000,481.510000,507.080000,295.430000,697.720000,285.370000,-9.205379,19.204626,-310.377905,-58.862203,-37.607993,18.886904,-115.579612,-42.885076
369,7.370377,505.590000,480.230000,679.690000,480.300000,506.320000,295.770000,695.720000,284.500000,-10.214076,16.545467,-296.982720,-67.947768,-35.650507,16.310506,-109.002952,-44.984939
370,7.390351,505.390000,480.460000,673.900000,478.840000,505.670000,296.070000,693.490000,283.530000,-11.437408,12.999760,-279.299989,-72.437305,-33.003310,12.680093,-100.916359,-45.764413
371,7.410325,505.100000,480.700000,668.470000,477.320000,504.980000,296.340000,691.580000,282.610000,-12.481018,8.850799,-255.785839,-72.765919,-30.612275,8.414430,-89.903650,-41.935606
372,7.430299,504.850000,480.780000,663.610000,475.890000,504.350000,296.350000,689.920000,281.850000,-13.558472,4.991649,-228.439673,-69.755389,-27.750540,4.480395,-79.172000,-37.014757
373,7.450273,504.540000,480.880000,659.440000,474.590000,503.890000,296.470000,688.430000,281.280000,-14.065738,1.722818,-197.169489,-62.193373,-23.472234,1.804217,-66.608415,-30.529221
374,7.470247,504.330000,480.890000,655.820000,473.510000,503.500000,296.430000,687.250000,280.580000,-13.946993,0.561533,-163.338954,-51.819803,-20.159445,-0.142474,-52.505721,-22.904088
375,7.490221,504.000000,480.870000,652.890000,472.500000,503.070000,296.460000,686.360000,280.340000,-14.569308,-0.606755,-128.752092,-39.651159,-16.855701,-1.154186,-40.615022,-15.715033
376,7.510194,503.660000,480.860000,650.700000,471.840000,502.800000,296.420000,685.600000,279.940000,-16.918817,-0.851149,-93.146904,-27.086407,-13.772232,-1.700061,-27.573930,-9.288432
377,7.530168,503.380000,480.850000,649.210000,471.490000,502.550000,296.390000,685.320000,279.930000,-19.424026,-0.943538,-55.046816,-13.614003,-11.129703,-2.809608,-15.877055,-4.334517
378,7.550142,503.000000,480.850000,648.500000,471.350000,502.300000,296.320000,684.980000,279.930000,-22.216615,-0.506488,-15.287416,0.778015,-8.368527,-3.079093,-5.860303,-0.395037
379,7.570116,502.450000,480.810000,648.520000,471.530000,502.210000,296.260000,684.990000,279.940000,-24.550466,-0.078093,25.572875,14.714603,-5.477616,-3.167008,5.456415,3.165161
380,7.590090,501.900000,480.820000,649.480000,471.860000,502.160000,296.190000,685.350000,280.000000,-25.623641,-0.254800,66.999367,28.072249,-4.015628,-1.829795,17.314827,8.291211
381,7.610064,501.460000,480.820000,651.280000,472.610000,502.050000,296.140000,685.620000,280.110000,-25.567721,-0.559296,107.661362,41.519465,-2.133804,-0.573300,30.039850,12.599763
382,7.630038,500.930000,480.810000,653.740000,473.580000,502.050000,296.130000,686.330000,280.480000,-23.656332,-1.623329,144.946479,52.963486,1.187057,-1.271471,43.195699,18.304462
383,7.650012,500.450000,480.780000,657.060000,474.660000,502.120000,296.150000,687.480000,281.020000,-21.351753,-2.571924,179.608712,61.634369,5.042998,-2.585150,54.378793,24.039602
384,7.669986,500.120000,480.660000,660.970000,476.050000,502.140000,296.150000,688.640000,281.490000,-20.211475,-4.612269,208.569357,66.951811,9.126411,-4.339964,66.281162,28.254986
385,7.689960,499.670000,480.580000,665.420000,477.430000,502.460000,295.960000,690.120000,282.040000,-19.361396,-7.382781,235.965317,68.753986,13.978114,-7.340282,78.307333,33.031124
386,7.709934,499.370000,480.390000,670.320000,478.710000,502.900000,295.650000,691.640000,282.740000,-17.451952,-10.268051,262.300744,68.138576,18.906160,-11.183289,87.609283,36.948042
387,7.729908,499.020000,480.240000,675.850000,480.060000,503.210000,295.580000,693.490000,283.530000,-15.563125,-12.970292,285.693718,64.002453,23.763017,-12.907176,97.446508,40.750980
388,7.749881,498.670000,479.860000,681.520000,481.250000,503.640000,295.300000,695.650000,284.300000,-11.851312,-15.847879,305.624329,55.651918,27.751221,-15.256976,106.629908,42.484593
389,7.769855,498.500000,479.520000,688.050000,482.330000,504.350000,294.890000,697.830000,285.330000,-5.702463,-17.778718,320.676882,44.794812,31.099215,-16.530296,113.587602,40.959391
390,7.789829,498.490000,479.220000,694.630000,483.100000,505.020000,294.560000,700.040000,286.010000,1.012003,-17.152805,329.576891,30.313808,34.318350,-16.118337,115.187104,36.022301
391,7.809803,498.520000,478.870000,701.150000,483.500000,505.690000,294.400000,702.460000,286.690000,8.734194,-14.792210,332.383094,12.221355,36.828811,-14.910565,114.370577,29.164972
392,7.829777,498.830000,478.530000,707.710000,483.530000,506.410000,293.880000,704.710000,287.140000,15.467430,-10.582466,329.934680,-6.333530,37.552365,-9.132829,111.334469,21.256933
393,7.849751,499.220000,478.420000,714.270000,483.280000,507.200000,293.880000,706.930000,287.500000,20.700166,-5.936159,321.267201,-25.374870,36.290911,-3.318430,107.647941,10.742251
394,7.869725,499.660000,478.410000,720.590000,482.570000,507.870000,293.930000,708.730000,287.590000,26.006619,-0.245950,310.765552,-42.668399,34.855375,2.088971,101.513972,0.728514
395,7.889699,500.250000,478.420000,726.690000,481.510000,508.610000,293.920000,710.980000,287.590000,31.079764,5.829668,295.545239,-57.544342,32.062495,8.433491,92.642458,-9.448704
396,7.909673,500.880000,478.580000,732.370000,480.300000,509.220000,294.340000,712.640000,287.310000,35.954127,11.596415,275.703127,-69.688674,27.724865,14.138093,82.472729,-19.300419
397,7.929647,501.640000,478.860000,737.590000,478.740000,509.630000,294.480000,714.280000,286.650000,42.536039,16.552761,251.208775,-78.467312,24.111665,18.349782,70.121640,-27.744510
398,7.949621,502.610000,479.240000,742.410000,477.180000,510.160000,294.890000,715.470000,286.170000,49.476616,20.404909,223.305355,-81.975967,20.747625,22.308226,57.443589,-32.584543
399,7.969595,503.610000,479.690000,746.580000,475.550000,510.530000,295.450000,716.410000,285.540000,56.192152,22.712794,191.915649,-80.845024,18.292500,23.959758,44.108019,-34.224891
400,7.989569,504.790000,480.190000,750.110000,473.920000,510.830000,295.900000,717.220000,284.700000,62.002564,22.802168,158.741954,-74.377870,17.711615,24.193065,34.460533,-32.943014
401,8.009542,506.140000,480.600000,752.840000,472.490000,511.270000,296.480000,717.820000,284.130000,65.681896,20.549814,124.618691,-63.232995,17.818203,23.189620,25.165487,-29.615637
402,8.029516,507.470000,480.930000,755.010000,471.440000,511.530000,296.740000,718.300000,283.660000,67.972567,16.408536,90.435132,-49.053570,18.838472,18.248737,17.892503,-24.020443
403,8.049490,508.860000,481.280000,756.450000,470.630000,511.980000,297.100000,718.530000,283.210000,69.648898,11.440131,57.069267,-31.340400,21.000869,13.259422,11.858022,-17.059249
404,8.069464,510.220000,481.450000,757.290000,470.210000,512.410000,297.440000,718.710000,282.880000,70.640284,5.422669,23.739580,-12.213283,22.057511,9.044816,6.850813,-9.821470
405,8.089438,511.600000,481.440000,757.450000,470.090000,512.860000,297.430000,718.790000,282.840000,71.921578,-0.669093,-9.481575,7.120979,23.083129,2.483327,2.455805,-1.442635
406,8.109412,513.070000,481.380000,756.890000,470.440000,513.390000,297.400000,718.800000,282.960000,73.139756,-7.017892,-44.886618,26.829953,24.931013,-3.248700,-1.232182,7.293699
407,8.129386,514.550000,481.220000,755.660000,471.210000,513.820000,297.390000,718.830000,282.990000,72.942237,-12.898229,-79.269835,45.670079,24.476749,-8.980727,-4.520269,16.669463
408,8.149360,516.010000,480.850000,753.750000,472.260000,514.260000,297.190000,718.610000,283.500000,71.038434,-18.165684,-114.194940,61.920970,24.346626,-13.360175,-10.043204,24.703151
409,8.169334,517.400000,480.490000,751.150000,473.630000,514.840000,296.660000,718.310000,284.170000,66.865743,-22.666599,-147.923749,74.647063,23.717114,-16.689400,-16.010970,29.913617
410,8.189308,518.670000,480.000000,747.750000,475.250000,515.310000,296.470000,718.000000,284.660000,60.485435,-25.453158,-179.882768,81.338480,21.124281,-19.730661,-24.758682,34.235881
411,8.209282,519.810000,479.470000,744.010000,476.890000,515.550000,296.090000,717.430000,285.500000,53.826110,-26.622321,-210.540945,83.549308,16.270536,-20.723895,-36.228572,35.397457
412,8.229256,520.810000,478.890000,739.410000,478.590000,515.960000,295.610000,716.520000,286.110000,46.248825,-24.736995,-237.843932,81.426104,9.340559,-19.279899,-48.570131,31.849124
413,8.249230,521.650000,478.470000,734.460000,480.130000,516.110000,295.230000,715.560000,286.640000,39.111799,-20.815895,-262.620509,73.049019,2.420794,-17.089786,-60.448771,27.520442
414,8.269203,522.320000,478.120000,729.010000,481.390000,515.960000,294.940000,714.040000,287.290000,32.256999,-14.897047,-284.052106,60.559832,-5.417612,-13.034868,-72.738397,19.672699
415,8.289177,522.950000,477.800000,723.100000,482.590000,515.750000,294.740000,712.440000,287.510000,24.833177,-8.275554,-300.703091,45.422962,-12.729205,-6.175691,-84.637654,8.718828
416,8.309151,523.280000,477.830000,717.060000,483.340000,515.490000,294.670000,710.780000,287.550000,15.999397,-1.428728,-310.999637,27.107121,-20.839722,0.300314,-96.127675,-1.092722
417,8.329125,523.600000,477.830000,710.640000,483.540000,515.080000,294.710000,708.910000,287.500000,5.713161,5.407984,-317.576394,8.119075,-26.613179,6.326042,-105.731106,-12.653057
418,8.349099,523.610000,477.970000,704.320000,483.600000,514.320000,295.020000,706.500000,286.990000,-6.209632,11.767578,-317.834404,-10.966028,-32.963145,11.965680,-111.663375,-23.155971
419,8.369073,523.330000,478.260000,698.090000,483.240000,513.750000,295.200000,704.160000,286.530000,-19.454174,17.156112,-313.055834,-27.650273,-39.151576,15.633536,-115.987001,-30.077875
420,8.389047,522.790000,478.660000,691.860000,482.430000,512.810000,295.530000,701.870000,285.940000,-32.108592,20.691997,-305.665759,-41.906236,-43.249576,18.215282,-116.209513,-36.747606
421,8.409021,522.050000,479.140000,685.820000,481.520000,512.010000,295.960000,699.680000,285.000000,-43.481425,22.580726,-293.840802,-53.480963,-45.757509,18.486712,-111.961647,-40.131972
422,8.428995,521.040000,479.560000,680.210000,480.360000,510.970000,296.320000,697.510000,284.250000,-53.104307,22.369106,-277.980475,-61.803295,-46.256703,16.494993,-105.450146,-40.724431
423,8.448969,519.840000,480.040000,674.830000,479.160000,510.080000,296.570000,695.380000,283.490000,-62.633729,20.909355,-257.687114,-64.697706,-47.350689,12.755463,-98.658072,-40.727348
424,8.468943,518.560000,480.380000,669.750000,477.680000,509.170000,296.900000,693.500000,282.580000,-72.323617,17.716477,-233.719479,-64.230800,-47.606365,7.919806,-90.310552,-37.331312
425,8.488917,517.090000,480.660000,665.470000,476.510000,508.180000,296.910000,691.850000,282.020000,-83.059645,14.633981,-206.739757,-60.291514,-49.033634,3.369390,-79.086515,-32.229866
426,8.508890,515.270000,481.010000,661.710000,475.400000,507.310000,296.900000,690.360000,281.350000,-93.367277,10.582369,-177.137249,-52.795532,-49.590595,-0.881297,-67.646773,-27.155845
427,8.528864,513.290000,481.170000,658.400000,474.460000,506.180000,296.830000,689.130000,280.810000,-103.369733,6.634720,-144.142400,-42.400275,-49.889450,-4.028466,-56.506081,-20.962357
428,8.548838,511.140000,481.180000,655.840000,473.660000,505.180000,296.840000,688.090000,280.560000,-111.797486,2.917363,-110.133214,-30.459686,-49.412041,-6.899828,-45.148712,-15.195319
429,8.568812,508.780000,481.300000,654.020000,473.210000,504.240000,296.620000,687.430000,280.310000,-117.995544,-0.759537,-75.609759,-18.877081,-47.069826,-8.952233,-33.831410,-10.367734
430,8.588786,506.470000,481.150000,652.860000,472.940000,503.360000,296.380000,686.690000,280.140000,-121.782825,-3.259689,-38.716373,-5.746323,-44.025938,-11.116865,-22.933458,-4.548861
431,8.608760,503.970000,481.150000,652.530000,473.030000,502.530000,296.230000,686.410000,280.060000,-124.406390,-4.776041,-0.365473,7.113588,-39.679945,-11.225690,-11.714673,-0.552974
432,8.628734,501.470000,480.980000,652.820000,473.230000,501.660000,295.900000,686.360000,280.100000,-125.723570,-6.411915,36.381355,19.288068,-36.531998,-11.809105,-0.297688,4.737627
433,8.648708,498.940000,480.860000,653.880000,473.710000,501.100000,295.670000,686.380000,280.270000,-125.550948,-8.220801,73.172238,30.024290,-32.930079,-11.508791,10.794281,9.885267
434,8.668682,496.510000,480.720000,655.760000,474.450000,500.430000,295.520000,686.700000,280.530000,-123.898541,-9.299130,109.395364,39.682863,-29.410144,-12.364316,22.627893,14.714116
435,8.688656,494.040000,480.460000,658.360000,475.320000,499.930000,295.350000,687.340000,280.800000,-119.793149,-11.695125,143.231733,47.476241,-24.593160,-12.463318,33.349235,19.735330
436,8.708630,491.670000,480.230000,661.380000,476.330000,499.420000,294.890000,688.070000,281.370000,-113.819936,-13.552831,174.387743,52.939951,-19.656458,-12.456705,44.394231,23.475054
437,8.728604,489.500000,479.940000,665.250000,477.410000,499.090000,294.720000,689.040000,281.710000,-105.345989,-16.208878,201.040018,55.235485,-13.813758,-13.311744,55.838155,27.069582
438,8.748578,487.490000,479.620000,669.550000,478.540000,498.860000,294.430000,690.310000,282.390000,-94.486452,-18.530281,224.600070,55.723009,-6.086219,-14.062140,65.902269,30.635129
439,8.768551,485.720000,479.190000,674.210000,479.650000,498.900000,294.260000,691.700000,283.050000,-81.459364,-20.256016,246.418633,54.083925,0.630484,-13.783610,75.687464,33.166304
440,8.788525,484.250000,478.800000,679.290000,480.630000,498.900000,293.900000,693.260000,283.610000,-67.056649,-21.613556,264.940064,49.694168,8.413457,-14.394255,84.423700,34.935997
441,8.808499,483.060000,478.340000,684.670000,481.590000,499.200000,293.590000,695.120000,284.400000,-51.634539,-20.943879,279.883889,43.019284,15.354520,-16.061833,92.279709,35.285034
442,8.828473,482.200000,477.930000,690.450000,482.420000,499.540000,293.270000,696.940000,285.110000,-34.902153,-19.312770,291.867853,34.071428,20.884458,-15.213699,97.701892,33.533430
443,8.848447,481.660000,477.580000,696.420000,482.960000,499.960000,293.050000,698.950000,285.720000,-17.795640,-16.948965,297.775420,22.959619,26.564942,-13.588036,101.349227,30.430802
444,8.868421,481.510000,477.270000,702.320000,483.270000,500.680000,292.700000,700.970000,286.330000,0.195671,-13.723995,297.616510,9.577465,31.721433,-9.814857,101.534492,25.261086
445,8.888395,481.670000,477.110000,708.310000,483.350000,501.260000,292.570000,703.110000,286.690000,19.282719,-8.564003,292.192382,-5.582746,34.441860,-5.037260,98.713603,18.665267
446,8.908369,482.260000,476.910000,714.010000,483.110000,501.920000,292.570000,704.920000,287.100000,38.789215,-2.090430,282.694469,-20.224993,38.187906,-0.418378,94.057571,11.922306
447,8.928343,483.180000,476.900000,719.460000,482.550000,502.850000,292.570000,706.810000,287.150000,57.474418,5.396217,270.646514,-33.941013,39.936885,5.854176,88.668940,4.107143
448,8.948317,484.560000,477.120000,724.750000,481.700000,503.560000,292.800000,708.430000,287.210000,75.940221,13.541647,255.552046,-46.789060,40.358861,12.246155,82.469812,-4.463571
449,8.968291,486.280000,477.520000,729.680000,480.660000,504.340000,293.090000,709.980000,287.090000,92.854273,21.241178,236.925680,-57.027351,40.883340,18.078352,74.364060,-12.147055
450,8.988265,488.270000,478.000000,734.240000,479.510000,505.330000,293.370000,711.440000,286.730000,107.852170,27.365811,214.924283,-63.229397,40.046293,22.925873,65.996797,-19.425193
451,9.008239,490.510000,478.560000,738.280000,478.170000,505.950000,294.070000,712.810000,286.260000,121.388080,30.966660,187.895839,-65.891085,39.026996,27.129489,55.528310,-24.023944
452,9.028212,493.160000,479.230000,741.740000,476.790000,506.750000,294.550000,713.680000,285.720000,133.966447,32.247954,158.221073,-65.226854,39.612452,28.455714,45.090166,-27.380496
453,9.048186,495.860000,479.870000,744.610000,475.560000,507.580000,295.180000,714.400000,285.210000,145.244264,31.714041,126.931341,-60.827178,39.818140,28.775381,34.442735,-27.704637
454,9.068160,498.870000,480.460000,746.780000,474.470000,508.370000,295.650000,715.110000,284.630000,155.046381,29.140367,95.728359,-52.626411,40.555601,27.761140,27.266517,-27.124432
455,9.088134,502.060000,481.040000,748.330000,473.470000,509.180000,296.260000,715.530000,284.170000,162.481095,24.398169,64.503689,-42.070689,42.965309,24.410909,21.843167,-24.286913
456,9.108108,505.420000,481.430000,749.400000,472.740000,510.110000,296.610000,715.900000,283.690000,167.912322,17.905924,34.393331,-28.703706,44.905096,20.935515,18.593106,-19.586534
457,9.128082,508.740000,481.730000,749.730000,472.350000,510.980000,297.090000,716.240000,283.350000,171.435759,9.423418,5.615811,-13.735859,47.891118,15.569058,14.443464,-13.138344
458,9.148056,512.200000,481.830000,749.600000,472.230000,511.910000,297.360000,716.640000,283.070000,172.031038,0.042985,-23.700971,3.547847,50.449524,9.183400,10.323193,-4.525228
459,9.168030,515.590000,481.750000,748.740000,472.390000,513.020000,297.360000,716.650000,283.210000,169.687559,-9.884878,-53.881349,21.246721,52.329501,0.866806,7.338240,3.753729
460,9.188004,518.980000,481.450000,747.490000,473.090000,514.100000,297.360000,716.830000,283.320000,163.894943,-19.118655,-84.060756,36.589474,52.935672,-6.104016,3.734668,12.447272
461,9.207978,522.190000,480.910000,745.560000,473.900000,515.120000,297.200000,716.780000,283.650000,156.317853,-28.368090,-112.926094,50.735056,51.986979,-13.754532,-1.681583,20.185800
462,9.227952,525.240000,480.360000,742.890000,475.110000,516.100000,296.810000,716.720000,284.150000,145.410954,-35.117858,-140.979574,61.655570,49.649238,-18.664683,-6.967321,26.438514
463,9.247926,527.930000,479.580000,739.830000,476.360000,517.100000,296.360000,716.620000,284.610000,134.007779,-39.596600,-165.731643,67.310476,45.706840,-23.262170,-14.702446,30.413492
464,9.267900,530.450000,478.770000,736.300000,477.670000,517.920000,295.990000,716.210000,285.340000,120.211624,-40.254704,-188.175924,68.327439,39.020869,-25.296972,-24.944920,32.377202
465,9.287873,532.820000,477.880000,732.360000,479.190000,518.640000,295.370000,715.490000,286.000000,105.215866,-38.400305,-207.771600,65.387125,30.800068,-23.514441,-35.703023,29.987820
466,9.307847,534.670000,477.240000,728.020000,480.350000,519.270000,294.990000,714.820000,286.560000,87.922629,-33.840454,-225.608767,57.218451,20.876872,-19.458064,-47.106684,25.705138
467,9.327821,536.370000,476.600000,723.440000,481.340000,519.500000,294.510000,713.590000,286.990000,69.057412,-25.901976,-241.110332,46.010072,9.744058,-13.808604,-58.314967,17.160294
468,9.347795,537.420000,476.240000,718.450000,482.200000,519.460000,294.460000,712.450000,287.210000,48.830863,-16.898880,-252.321532,32.356001,-0.713051,-7.019643,-68.196441,6.958374
469,9.367769,538.240000,475.890000,713.250000,482.670000,519.500000,294.390000,710.950000,287.260000,28.946738,-7.354286,-259.770931,17.450201,-10.506902,0.089861,-78.268335,-3.043109
470,9.387743,538.560000,475.880000,708.050000,482.840000,519.150000,294.410000,709.330000,287.200000,9.203434,2.219775,-262.377768,2.780529,-19.417121,6.397036,-88.213898,-12.766647
471,9.407717,538.580000,476.070000,702.880000,482.770000,518.640000,294.610000,707.450000,286.640000,-11.117644,11.816690,-259.648588,-11.707574,-26.774034,12.149778,-94.924183,-20.609138
472,9.427691,538.190000,476.350000,697.740000,482.450000,518.080000,294.860000,705.570000,286.310000,-31.010618,19.717241,-252.206288,-24.346334,-34.439623,15.514694,-98.080493,-27.344708
473,9.447665,537.360000,476.810000,692.710000,481.790000,517.300000,295.220000,703.500000,285.650000,-52.418194,26.129253,-242.513093,-34.120151,-43.031149,19.166698,-97.007708,-32.461033
474,9.467639,536.050000,477.420000,688.050000,480.990000,516.350000,295.700000,701.510000,285.000000,-73.903766,30.229588,-230.216270,-41.509351,-49.518726,20.313006,-93.515975,-34.263695
475,9.487613,534.400000,478.030000,683.670000,480.180000,515.370000,296.020000,699.800000,284.350000,-95.880850,32.897403,-215.154090,-46.362804,-56.601874,18.246111,-88.664758,-34.518106
476,9.507587,532.280000,478.690000,679.520000,479.220000,514.140000,296.340000,698.240000,283.540000,-117.083030,33.691173,-197.086339,-47.685722,-62.755975,14.293502,-83.029885,-34.047698
477,9.527560,529.740000,479.350000,675.710000,478.280000,512.750000,296.690000,696.500000,282.940000,-136.901315,32.077958,-176.886826,-45.538497,-66.271631,8.852355,-76.923924,-30.211305
478,9.547534,526.800000,480.000000,672.420000,477.390000,511.520000,296.760000,695.040000,282.480000,-154.594452,29.022206,-153.941113,-40.442886,-68.502493,3.998220,-70.462994,-25.641049
479,9.567508,523.540000,480.510000,669.590000,476.590000,510.040000,296.690000,693.640000,281.890000,-169.764874,23.649330,-128.001210,-32.930371,-69.653275,-1.112465,-62.889502,-19.481988
480,9.587482,519.990000,480.940000,667.350000,476.070000,508.680000,296.660000,692.550000,281.600000,-182.557584,17.101748,-100.325359,-23.889931,-68.760308,-6.178414,-53.229081,-13.052276
481,9.607456,516.260000,481.210000,665.590000,475.730000,507.380000,296.520000,691.560000,281.410000,-193.727160,10.708310,-72.123084,-14.118740,-68.528265,-10.449037,-42.566771,-8.364345
482,9.627430,512.340000,481.360000,664.470000,475.570000,505.950000,296.340000,690.860000,281.310000,-203.285370,3.942203,-43.539095,-4.469017,-68.687369,-14.338238,-32.967424,-3.340019
483,9.647404,508.220000,481.280000,663.860000,475.500000,504.590000,295.900000,690.240000,281.320000,-210.703162,-1.863249,-14.954815,3.891049,-67.878427,-17.722410,-23.845001,0.120495
484,9.667378,503.900000,481.280000,663.850000,475.640000,503.330000,295.580000,689.870000,281.320000,-215.240547,-7.898703,13.333334,11.297560,-67.337415,-20.279259,-15.860133,2.299327
485,9.687352,499.570000,481.100000,664.410000,476.030000,501.910000,295.120000,689.680000,281.340000,-215.941441,-12.576617,41.838451,18.892253,-64.843195,-21.723061,-7.254992,5.193933
486,9.707326,495.270000,480.710000,665.520000,476.430000,500.650000,294.650000,689.610000,281.540000,-213.228502,-17.375998,68.260433,24.830551,-60.209725,-21.427513,1.881824,7.842102
487,9.727300,491.100000,480.380000,667.110000,476.930000,499.500000,294.330000,689.660000,281.630000,-206.195633,-21.802322,94.982437,29.599979,-55.090191,-21.038797,10.767439,10.655891
488,9.747274,487.080000,479.840000,669.280000,477.600000,498.460000,293.860000,689.970000,281.970000,-196.751792,-25.838276,118.790579,32.071831,-48.682262,-20.999799,19.475375,13.989687
489,9.767248,483.290000,479.400000,671.910000,478.310000,497.600000,293.410000,690.530000,282.260000,-184.634399,-28.556175,140.749768,33.537417,-41.850899,-19.879360,28.828286,16.648748
490,9.787221,479.680000,478.710000,674.830000,478.900000,496.860000,293.110000,691.220000,282.560000,-168.710566,-31.024136,161.075708,34.405196,-34.581611,-19.755850,38.133348,18.911314
491,9.807195,476.570000,478.110000,678.390000,479.640000,496.170000,292.620000,691.930000,282.990000,-149.984517,-33.022371,178.578523,34.186477,-26.959104,-19.224757,46.391980,21.140620
492,9.827169,473.670000,477.460000,681.910000,480.240000,495.720000,292.310000,693.000000,283.460000,-128.871128,-33.386677,192.259726,32.749385,-19.235649,-18.463469,53.893214,22.119460
493,9.847143,471.400000,476.770000,685.980000,480.920000,495.410000,291.970000,694.180000,283.880000,-105.156445,-32.719043,203.608635,30.936610,-10.185484,-18.118906,60.646678,23.596716
494,9.867117,469.610000,476.140000,690.200000,481.520000,495.400000,291.550000,695.450000,284.370000,-79.845177,-29.743815,212.764805,27.507605,-1.108380,-16.962969,67.095938,24.660166
495,9.887091,468.200000,475.590000,694.420000,482.040000,495.360000,291.290000,696.810000,284.840000,-53.957011,-25.239690,218.729361,22.099232,8.679733,-14.282707,72.484278,24.260266
496,9.907065,467.390000,475.130000,698.750000,482.370000,495.610000,290.960000,698.310000,285.300000,-24.973706,-18.998063,222.097292,15.985004,16.970652,-11.790335,76.043211,23.014469
497,9.927039,467.230000,474.820000,703.270000,482.650000,496.130000,290.800000,699.810000,285.800000,4.440911,-11.613045,220.020964,7.507750,25.086713,-7.322971,78.663956,20.574613
498,9.947013,467.550000,474.690000,707.700000,482.690000,496.620000,290.720000,701.450000,286.210000,34.758610,-3.323487,214.835201,-1.146697,33.101923,-2.705937,78.349735,16.658085
499,9.966987,468.520000,474.750000,711.880000,482.610000,497.440000,290.720000,703.030000,286.400000,64.157958,6.295019,205.836093,-10.514779,39.208857,2.781307,75.990501,11.698432
500,9.986961,470.250000,474.890000,715.840000,482.320000,498.140000,290.780000,704.500000,286.600000,91.525618,16.558693,193.363438,-19.734843,42.602268,8.951066,72.070860,6.066866
501,10.006935,472.260000,475.330000,719.520000,481.760000,499.130000,291.070000,705.850000,286.680000,117.339678,26.652274,179.008765,-28.664708,44.792672,15.306478,66.517095,-0.216969
502,10.026909,474.820000,475.970000,722.940000,481.180000,500.110000,291.380000,707.050000,286.620000,141.770426,35.827311,164.236687,-35.817197,46.434285,22.058191,59.999175,-7.314705
503,10.046882,477.860000,476.810000,726.090000,480.360000,500.900000,291.960000,708.280000,286.410000,163.829104,43.532968,147.453439,-41.787102,47.801549,28.154622,53.046442,-13.695111
504,10.066856,481.360000,477.720000,728.860000,479.510000,501.900000,292.510000,709.280000,286.100000,184.596471,48.679831,128.116259,-45.553960,49.630663,32.381189,44.990094,-20.137466
505,10.086830,485.250000,478.700000,731.210000,478.570000,502.900000,293.250000,710.050000,285.590000,203.713375,50.060808,106.146177,-46.986481,51.566851,35.910072,36.993847,-25.157901
506,10.106804,489.490000,479.690000,733.130000,477.660000,504.000000,293.960000,710.750000,285.010000,218.571522,48.321361,82.177083,-45.396704,55.312022,37.248939,29.800513,-27.932790
507,10.126778,493.960000,480.650000,734.490000,476.740000,505.180000,294.680000,711.220000,284.590000,229.982769,43.199103,58.152264,-40.356721,59.380167,36.509922,23.621029,-26.912326
508,10.146752,498.680000,481.440000,735.420000,476.000000,506.300000,295.360000,711.620000,283.970000,238.968942,35.090822,34.482122,-32.341024,63.593022,33.157843,19.854560,-22.354129
509,10.166726,503.480000,482.020000,735.840000,475.460000,507.650000,296.110000,712.060000,283.510000,244.059982,23.416217,12.599276,-22.258336,67.698414,26.787552,17.496882,-16.322955
510,10.186700,508.350000,482.370000,735.880000,475.170000,509.040000,296.460000,712.390000,283.290000,245.833079,10.020642,-8.361913,-10.590927,71.102425,18.972875,16.474862,-10.512348
511,10.206674,513.270000,482.440000,735.560000,475.050000,510.520000,296.830000,712.650000,283.290000,244.019136,-3.548236,-27.796832,2.396481,74.347235,9.497038,15.938129,-3.417627
512,10.226648,518.190000,482.220000,734.760000,475.260000,512.080000,296.820000,712.980000,283.290000,238.557372,-17.595593,-46.934451,15.340224,76.774448,-0.258107,14.979322,4.451901
513,10.246622,522.750000,481.670000,733.710000,475.600000,513.480000,296.770000,713.290000,283.290000,229.582869,-31.398264,-66.189551,28.189535,76.885218,-8.229943,13.900701,10.528102
514,10.266596,527.270000,481.010000,732.130000,476.320000,515.050000,296.540000,713.570000,283.540000,216.863486,-43.152033,-85.124692,38.896678,75.745620,-15.382237,10.739917,16.955384
515,10.286569,531.440000,480.090000,730.330000,477.220000,516.600000,296.140000,713.700000,284.090000,201.513634,-52.056806,-103.192248,46.008807,72.008035,-21.587881,6.096236,23.481084
516,10.306543,535.300000,478.860000,728.070000,478.200000,518.000000,295.690000,713.820000,284.560000,183.127383,-56.985825,-118.960672,49.183499,66.238177,-25.886804,0.858054,27.961188
517,10.326517,538.740000,477.690000,725.490000,479.230000,519.200000,295.220000,713.760000,285.090000,162.040155,-58.444409,-133.071632,48.589484,58.548955,-27.702789,-7.275512,28.958214
518,10.346491,541.760000,476.600000,722.750000,480.090000,520.280000,294.510000,713.400000,285.750000,138.099848,-55.771926,-144.841836,44.335102,48.232570,-25.897988,-16.410968,25.770783
519,10.366465,544.320000,475.540000,719.740000,480.890000,521.100000,294.100000,713.150000,286.220000,113.335427,-47.913972,-154.318451,37.931842,36.281185,-21.088201,-26.703818,20.542423
520,10.386439,546.240000,474.690000,716.660000,481.630000,521.770000,293.650000,712.570000,286.500000,88.082900,-37.782852,-161.047213,29.700732,24.402546,-15.076380,-37.512297,14.093260
521,10.406413,547.740000,473.960000,713.320000,482.120000,522.160000,293.550000,711.480000,286.740000,62.602414,-26.063414,-165.668332,19.885875,12.789015,-8.754422,-46.848480,5.925753
522,10.426387,548.750000,473.630000,709.950000,482.430000,522.230000,293.450000,710.590000,286.740000,36.693242,-13.127451,-168.933467,8.888046,1.643460,-0.970282,-55.035729,-2.309441
523,10.446361,549.220000,473.570000,706.650000,482.470000,522.040000,293.500000,709.360000,286.660000,10.259882,0.639042,-169.243020,-2.415640,-10.378237,6.426601,-62.131618,-9.126411
524,10.466335,549.210000,473.630000,703.270000,482.330000,521.880000,293.560000,708.100000,286.390000,-16.678702,14.146651,-165.670277,-12.379098,-20.868314,12.407885,-66.399615,-15.746056
525,10.486309,548.560000,474.070000,700.020000,481.970000,521.390000,293.850000,706.790000,286.010000,-45.228750,25.907130,-159.768837,-20.272063,-31.004686,17.075490,-69.621668,-21.764393
526,10.506283,547.370000,474.630000,696.780000,481.480000,520.630000,294.460000,705.340000,285.540000,-73.650814,34.995515,-151.725618,-25.689675,-40.794355,21.257905,-71.998018,-25.267407
527,10.526257,545.620000,475.490000,693.940000,480.980000,519.560000,294.860000,703.860000,285.040000,-101.140038,41.616911,-141.629022,-27.815601,-50.699461,22.779509,-71.329898,-26.159888
528,10.546230,543.350000,476.410000,691.330000,480.390000,518.670000,295.100000,702.450000,284.450000,-128.531719,45.803022,-130.420934,-28.340373,-60.614974,20.503911,-69.016372,-25.242510
529,10.566204,540.480000,477.260000,688.710000,479.810000,517.280000,295.630000,701.140000,283.940000,-153.842403,46.537761,-118.104661,-26.569513,-68.238162,15.265146,-64.698387,-23.315075
530,10.586178,537.200000,478.180000,686.570000,479.360000,515.910000,295.930000,699.920000,283.600000,-177.940939,45.129942,-104.123338,-22.730688,-73.799221,10.390199,-58.345990,-19.652860
531,10.606152,533.440000,479.030000,684.580000,478.970000,514.320000,296.050000,698.760000,283.290000,-200.495212,41.298800,-89.098404,-17.442713,-79.066287,5.111755,-52.524491,-15.137454
532,10.626126,529.140000,479.890000,682.910000,478.570000,512.630000,295.960000,697.820000,282.910000,-220.483591,35.962102,-71.724643,-11.558778,-82.978731,-1.100600,-47.016532,-10.528686
533,10.646100,524.670000,480.500000,681.740000,478.470000,511.050000,295.950000,696.930000,282.740000,-238.487351,29.194925,-53.964986,-6.221010,-83.552225,-6.863845,-41.469186,-6.802674
534,10.666074,519.710000,480.990000,680.850000,478.460000,509.440000,295.860000,696.230000,282.740000,-252.486276,20.291999,-36.926257,-0.761288,-85.653936,-10.825499,-35.209178,-2.977270
535,10.686048,514.520000,481.300000,680.270000,478.470000,507.580000,295.450000,695.460000,282.700000,-262.958751,10.522365,-19.540631,4.824570,-86.476201,-15.353645,-29.943959,0.482175
536,10.706022,509.230000,481.410000,680.040000,478.550000,505.940000,295.200000,694.950000,282.710000,-268.878669,0.907555,-3.324070,9.302437,-86.243477,-19.295362,-24.395933,2.829739
537,10.725996,503.740000,481.390000,680.100000,478.760000,504.250000,294.800000,694.560000,282.760000,-271.927516,-7.651780,12.610169,11.785861,-85.905041,-23.475930,-17.914288,3.744879
538,10.745970,498.460000,481.070000,680.550000,479.110000,502.410000,294.240000,694.300000,282.890000,-270.557918,-16.060958,28.548881,14.233886,-82.685225,-24.614652,-12.307034,3.726304
539,10.765944,492.990000,480.660000,681.260000,479.420000,500.910000,293.700000,693.990000,282.950000,-266.142000,-23.937487,43.660855,15.269425,-78.198897,-25.600106,-5.975838,4.743559
540,10.785918,487.850000,480.170000,682.280000,479.680000,499.430000,293.260000,694.030000,283.070000,-257.999390,-31.272712,58.082534,14.788903,-73.459520,-26.289136,-0.718983,5.526145
541,10.805891,482.690000,479.500000,683.580000,479.930000,497.890000,292.670000,694.070000,283.160000,-245.758098,-37.796759,71.057689,14.134787,-66.917287,-26.078002,5.117882,6.339560
542,10.825865,477.980000,478.670000,685.090000,480.270000,496.760000,292.300000,694.150000,283.220000,-229.650167,-42.804649,83.100782,13.975391,-60.263506,-25.660596,11.647472,7.878182
543,10.845839,473.610000,477.740000,686.880000,480.500000,495.570000,291.630000,694.540000,283.540000,-208.415408,-46.756480,93.644348,14.325789,-53.317386,-25.428748,17.599191,9.802895
544,10.865813,469.660000,476.790000,688.860000,480.790000,494.590000,291.210000,694.870000,283.690000,-184.469460,-47.885283,102.130063,14.721507,-44.377504,-24.878302,22.690037,11.227149
545,10.885787,466.240000,475.850000,690.930000,481.130000,493.790000,290.660000,695.420000,283.910000,-156.635283,-46.207201,108.840055,15.054498,-35.023038,-22.824439,28.939153,12.874985
546,10.905761,463.410000,474.970000,693.230000,481.400000,493.170000,290.290000,696.090000,284.220000,-127.066813,-42.468060,114.245608,15.036798,-24.657540,-21.628435,34.182392,14.475363
547,10.925735,461.210000,474.150000,695.480000,481.670000,492.820000,289.870000,696.730000,284.480000,-94.782098,-36.695965,117.337635,14.441519,-13.283346,-19.215226,38.746619,15.400228
548,10.945709,459.620000,473.520000,697.850000,481.980000,492.640000,289.490000,697.580000,284.790000,-61.077115,-29.371048,119.398987,12.374624,-2.208396,-17.515555,43.533163,16.900534
549,10.965683,458.760000,473.000000,700.260000,482.230000,492.700000,289.240000,698.530000,285.170000,-26.554244,-20.315923,120.163970,9.981547,8.378544,-13.523850,46.617507,16.588452
550,10.985657,458.570000,472.690000,702.680000,482.370000,493.030000,288.880000,699.440000,285.510000,8.115185,-9.918333,119.088072,6.607392,17.268827,-8.481631,49.156268,14.983893
551,11.005631,459.090000,472.630000,704.950000,482.430000,493.370000,288.830000,700.450000,285.740000,42.754370,1.858970,115.851723,1.501764,25.073389,-2.366139,49.826334,12.797670
552,11.025605,460.290000,472.760000,707.290000,482.430000,494.040000,288.840000,701.450000,286.000000,76.851180,14.740958,109.906617,-3.885797,32.235117,4.937090,48.372418,8.899911
553,11.045579,462.150000,473.190000,709.440000,482.350000,494.690000,289.080000,702.380000,286.100000,109.551161,28.260918,102.862467,-9.520475,37.927271,12.681357,45.584108,3.718038
554,11.065552,464.630000,473.860000,711.390000,482.050000,495.450000,289.380000,703.290000,286.130000,141.139359,41.259900,94.665104,-15.193957,42.976493,20.844682,41.279155,-1.161869
555,11.085526,467.770000,474.820000,713.120000,481.660000,496.430000,289.780000,704.030000,286.110000,170.538124,52.496579,85.754787,-20.812686,47.599071,28.186715,36.479482,-7.129829
556,11.105500,471.450000,475.980000,714.760000,481.260000,497.430000,290.510000,704.730000,285.850000,197.184855,60.965567,75.778978,-25.952741,50.886088,34.977815,31.585572,-12.661323
557,11.125474,475.620000,477.250000,716.220000,480.670000,498.440000,291.220000,705.270000,285.530000,220.500124,65.291624,65.504606,-29.338275,54.628147,39.705814,26.535377,-17.658029
558,11.145448,480.270000,478.590000,717.400000,480.080000,499.590000,292.100000,705.760000,285.220000,240.297209,65.312241,54.243321,-31.057202,58.591551,43.202409,22.179464,-21.095495
559,11.165422,485.220000,479.840000,718.380000,479.430000,500.790000,292.980000,706.250000,284.670000,256.844232,60.952244,41.635584,-31.387080,63.414079,43.651421,19.328428,-23.308559
560,11.185396,490.470000,481.000000,719.070000,478.800000,502.070000,293.770000,706.530000,284.290000,270.292809,52.414402,28.745232,-29.227505,69.673989,41.469866,16.643497,-22.781551
561,11.205370,495.960000,481.930000,719.510000,478.310000,503.540000,294.570000,706.830000,283.770000,280.060596,40.176416,17.189955,-23.812227,76.177322,36.745855,16.493437,-20.724187
562,11.225344,501.630000,482.600000,719.750000,477.860000,505.170000,295.330000,707.200000,283.470000,286.155665,24.850974,6.410262,-16.042480,82.230669,30.119110,16.868246,-15.755781
563,11.245318,507.400000,482.950000,719.730000,477.600000,506.840000,295.800000,707.560000,283.110000,287.956186,7.806605,-3.470823,-6.493413,88.209814,20.932987,18.999230,-8.722815
564,11.265292,513.120000,482.900000,719.610000,477.580000,508.640000,296.130000,707.880000,283.090000,284.347363,-9.928642,-12.455149,3.972740,91.791796,10.784458,21.761281,-1.636944
565,11.285266,518.730000,482.530000,719.300000,477.800000,510.500000,296.180000,708.460000,283.100000,275.950730,-26.910089,-21.184188,14.149666,93.615367,-0.466323,23.085755,6.780403
566,11.305239,524.160000,481.820000,718.740000,478.180000,512.390000,296.190000,708.820000,283.370000,263.447733,-42.247104,-30.085461,22.534142,93.722830,-10.268926,23.815144,14.363426
567,11.325213,529.240000,480.860000,718.090000,478.670000,514.290000,295.750000,709.390000,283.670000,247.616095,-54.695542,-38.981385,28.587976,91.987078,-18.235219,23.041797,20.592411
568,11.345187,533.970000,479.670000,717.230000,479.330000,515.980000,295.420000,709.790000,284.100000,229.224885,-63.669268,-47.507168,31.536265,87.011379,-24.357226,19.918163,23.691245
569,11.365161,538.360000,478.320000,716.210000,479.960000,517.740000,294.810000,710.130000,284.690000,208.363864,-68.739885,-54.617741,32.246204,80.050671,-27.622070,15.160697,25.689383
570,11.385135,542.300000,476.920000,715.020000,480.560000,519.260000,294.300000,710.440000,285.200000,185.030020,-69.234216,-60.456648,31.160970,71.809447,-28.628141,10.125966,24.497172
571,11.405109,545.750000,475.570000,713.760000,481.210000,520.600000,293.710000,710.520000,285.600000,159.363880,-64.884625,-64.914189,27.386332,62.149512,-26.221059,2.909485,21.422456
572,11.425083,548.680000,474.330000,712.450000,481.640000,521.640000,293.230000,710.500000,285.980000,131.343758,-56.520280,-67.811615,21.842681,50.475977,-22.472387,-4.104419,16.340654
573,11.445057,551.010000,473.310000,711.080000,482.080000,522.590000,292.830000,710.400000,286.330000,102.247835,-44.468629,-69.598716,15.725731,37.011547,-16.423610,-11.215965,10.317066
574,11.465031,552.720000,472.560000,709.680000,482.330000,523.270000,292.540000,710.100000,286.400000,72.514523,-30.563843,-70.496740,8.200184,24.817131,-9.640971,-18.197971,4.017476
575,11.485005,553.860000,472.130000,708.280000,482.340000,523.580000,292.480000,709.610000,286.440000,42.737351,-15.416081,-70.918036,0.216775,11.844991,-1.561671,-24.310934,-2.449484
576,11.504979,554.420000,471.940000,706.850000,482.330000,523.600000,292.490000,709.100000,286.340000,12.632925,0.061366,-69.441363,-6.165868,-0.469435,5.102419,-29.322909,-8.231110
577,11.524953,554.410000,472.140000,705.500000,482.170000,523.500000,292.630000,708.510000,286.100000,-17.370941,14.515722,-66.542770,-11.496731,-12.999079,10.626132,-33.226600,-12.868664
578,11.544927,553.730000,472.510000,704.180000,481.820000,523.240000,292.960000,707.750000,285.790000,-47.498804,27.725741,-63.091299,-14.915428,-24.191509,14.865149,-35.758651,-15.574796
579,11.564900,552.500000,473.220000,702.950000,481.500000,522.540000,293.300000,707.040000,285.490000,-77.937387,38.980996,-58.481656,-16.760685,-35.171833,17.572933,-37.381785,-17.058763
580,11.584874,550.600000,474.100000,701.920000,481.240000,521.790000,293.570000,706.330000,285.150000,-108.494908,47.555891,-52.966014,-16.710601,-46.307565,19.143843,-38.347497,-17.567487
581,11.604848,548.180000,475.090000,700.860000,480.880000,520.690000,293.980000,705.500000,284.760000,-138.408331,53.017752,-47.955304,-14.790654,-56.955871,18.482822,-38.088320,-16.661586
582,11.624822,545.140000,476.220000,699.910000,480.560000,519.510000,294.380000,704.760000,284.500000,-167.353902,56.266841,-42.766915,-12.212311,-65.993783,15.867913,-37.799288,-14.369456
583,11.644796,541.500000,477.330000,699.190000,480.380000,518.090000,294.670000,704.040000,284.230000,-194.668170,56.012625,-37.337536,-9.077104,-74.223628,12.373457,-37.168901,-11.447230
584,11.664770,537.330000,478.400000,698.500000,480.280000,516.550000,294.880000,703.310000,283.940000,-219.531495,52.963972,-32.005505,-5.573215,-81.162163,7.761966,-35.282117,-8.067532
585,11.684744,532.740000,479.430000,697.840000,480.160000,514.870000,294.930000,702.620000,283.910000,-241.387111,46.792852,-26.195774,-1.635388,-85.911848,2.706521,-32.831466,-5.017420
586,11.704718,527.710000,480.340000,697.420000,480.150000,513.090000,294.910000,701.930000,283.870000,-259.781531,38.124206,-20.348795,0.900942,-90.010627,-1.841757,-29.974108,-2.401539
587,11.724692,522.390000,480.960000,697.090000,480.240000,511.220000,294.870000,701.420000,283.790000,-274.881348,28.053382,-14.371790,3.224192,-92.376961,-6.276444,-27.168585,0.097155
588,11.744666,516.760000,481.390000,696.800000,480.280000,509.480000,294.720000,700.920000,283.800000,-286.618584,16.989227,-9.032271,4.777889,-93.692098,-9.994578,-23.885068,1.192017
589,11.764640,510.980000,481.600000,696.710000,480.430000,507.560000,294.490000,700.450000,283.840000,-294.146659,5.360914,-3.946871,5.722497,-93.613616,-14.822844,-21.446769,1.893495
590,11.784614,505.020000,481.610000,696.730000,480.500000,505.650000,294.110000,700.070000,283.920000,-297.532485,-5.934020,0.454944,5.995580,-92.546374,-18.932126,-20.135618,3.061393
591,11.804588,499.080000,481.400000,696.730000,480.680000,503.830000,293.700000,699.620000,283.970000,-296.912990,-17.064500,4.683749,5.690793,-91.793449,-22.624586,-19.105623,3.421225
592,11.824561,493.200000,480.960000,696.780000,480.720000,502.050000,293.290000,699.360000,283.990000,-291.798220,-27.854016,8.000623,5.691960,-89.752910,-23.912980,-17.149499,2.432659
593,11.844535,487.500000,480.270000,697.100000,480.870000,500.330000,292.640000,698.960000,284.110000,-281.585311,-37.837021,11.056180,5.023450,-85.494249,-24.499214,-14.332986,1.659798
594,11.864509,481.950000,479.440000,697.320000,480.980000,498.640000,292.280000,698.660000,284.120000,-267.851786,-46.156436,13.653292,4.796853,-80.193825,-24.928970,-10.789224,1.441079
595,11.884483,476.760000,478.440000,697.590000,481.020000,496.980000,291.710000,698.520000,284.120000,-250.813933,-52.206963,17.111959,4.227735,-73.136157,-25.862589,-7.440160,1.736725
596,11.904457,472.000000,477.390000,697.930000,481.160000,495.700000,291.330000,698.430000,284.110000,-228.195376,-55.107112,18.907716,3.875683,-65.220824,-25.552744,-4.375752,2.447733
597,11.924431,467.750000,476.230000,698.370000,481.190000,494.510000,290.700000,698.420000,284.230000,-202.450657,-55.447883,20.482905,3.658033,-56.523197,-26.951324,-0.631457,3.555141
598,11.944405,463.830000,475.150000,698.740000,481.300000,493.500000,290.140000,698.400000,284.330000,-173.589403,-53.180358,21.793958,4.177164,-46.125899,-28.454255,2.213162,5.006236
599,11.964379,460.720000,474.130000,699.320000,481.360000,492.660000,289.620000,698.390000,284.420000,-141.757881,-48.257077,22.036504,5.678539,-34.622457,-26.700997,5.214939,6.208659
600,11.984353,458.380000,473.280000,699.610000,481.460000,491.950000,289.200000,698.580000,284.560000,-107.791874,-41.038165,21.530308,6.656601,-24.514483,-23.505786,8.353355,7.592845
601,12.004327,456.410000,472.500000,700.110000,481.650000,491.630000,288.510000,698.810000,284.700000,-72.237647,-31.627195,21.209085,8.051680,-13.213228,-18.712434,10.751976,8.316594
602,12.024301,455.370000,471.990000,700.470000,481.790000,491.620000,288.340000,699.040000,284.850000,-35.120581,-20.284608,21.288831,8.382920,-2.073119,-13.491854,12.821108,8.573923
603,12.044275,455.090000,471.700000,700.940000,482.020000,491.660000,288.220000,699.310000,285.080000,1.169746,-7.019545,21.144023,7.598000,7.853383,-6.496914,13.797712,8.291309
604,12.064248,455.420000,471.700000,701.330000,482.060000,491.700000,288.110000,699.560000,285.260000,38.388148,7.592262,21.268117,5.023450,15.724564,0.622607,14.782873,7.185165
605,12.084222,456.570000,471.990000,701.780000,482.200000,492.240000,288.100000,699.830000,285.300000,75.482554,22.341486,19.309658,0.749326,22.612722,8.205241,14.967166,4.165105
606,12.104196,458.480000,472.610000,702.160000,482.170000,492.810000,288.400000,700.180000,285.350000,109.499034,36.943179,18.405507,-3.542303,30.541475,14.249252,14.192165,-0.020423
607,12.124170,460.920000,473.460000,702.490000,482.030000,493.410000,288.810000,700.460000,285.400000,141.338628,49.534189,15.935211,-8.794684,37.342885,21.961231,12.522156,-4.280056
608,12.144144,464.120000,474.570000,702.770000,481.800000,494.170000,289.240000,700.760000,285.260000,172.099114,60.143011,14.220271,-13.270509,42.700687,30.090907,10.687985,-8.339448
609,12.164118,467.860000,475.820000,703.010000,481.460000,495.170000,289.960000,700.810000,284.940000,200.413813,67.374857,11.884378,-17.693039,47.015462,37.437802,8.481922,-12.334168
610,12.184092,472.040000,477.300000,703.330000,481.160000,496.220000,290.680000,701.000000,284.720000,226.714327,71.315407,9.417972,-20.134646,53.643179,41.935703,7.013710,-15.599109
611,12.204066,476.740000,478.610000,703.390000,480.650000,497.190000,291.600000,701.160000,284.430000,250.172265,69.498352,7.574076,-21.903658,61.504829,45.712675,7.240696,-17.173325
612,12.224040,482.110000,480.070000,703.620000,480.260000,498.510000,292.630000,701.330000,284.030000,269.682942,63.773230,6.108781,-22.430569,66.735717,46.011725,8.145236,-17.224285
613,12.244014,487.610000,481.220000,703.640000,479.800000,499.930000,293.500000,701.460000,283.680000,284.587186,53.734791,5.556001,-20.837388,73.964549,43.280989,9.593998,-16.616558
614,12.263988,493.390000,482.210000,703.730000,479.440000,501.590000,294.170000,701.700000,283.400000,293.897208,39.950305,5.461084,-16.593509,82.227071,36.984025,12.034243,-15.749168
615,12.283962,499.330000,482.690000,703.930000,479.090000,503.290000,295.000000,701.990000,283.120000,298.675486,23.385777,5.877808,-10.461485,88.930839,27.430678,15.806936,-11.739472
616,12.303936,505.330000,483.170000,704.020000,478.940000,504.810000,295.400000,702.280000,282.910000,299.578859,4.530383,5.857969,-4.432936,92.978172,18.692108,20.087090,-6.197183
617,12.323909,511.200000,483.020000,704.170000,478.990000,507.070000,295.740000,702.720000,282.820000,297.106229,-12.933823,6.471531,2.988940,98.372444,9.989424,24.672809,0.786379
618,12.343883,517.090000,482.570000,704.240000,479.160000,508.980000,295.660000,703.370000,282.850000,289.537211,-29.362879,6.050916,9.564044,100.125798,0.118939,28.909880,8.609809
619,12.363857,522.880000,481.760000,704.370000,479.330000,510.890000,295.630000,703.890000,283.220000,278.245389,-44.500430,5.994899,15.602901,99.877417,-7.864956,32.209345,15.077741
620,12.383831,528.250000,480.770000,704.550000,479.650000,512.880000,295.570000,704.560000,283.540000,263.151407,-57.369192,7.457762,19.548898,95.951844,-15.293738,33.549088,20.430097
621,12.403805,533.270000,479.630000,704.680000,480.170000,514.960000,295.080000,705.270000,284.040000,244.201678,-65.252723,8.246670,21.752140,90.211744,-21.749611,33.098422,23.557329
622,12.423779,537.930000,478.240000,704.830000,480.590000,516.400000,294.550000,705.940000,284.470000,220.841478,-69.817533,10.055361,23.111624,84.476119,-26.265406,30.658469,23.449672
623,12.443753,542.160000,476.700000,705.060000,481.090000,518.120000,294.150000,706.500000,284.860000,196.717073,-70.036253,12.299838,22.609318,75.405725,-28.694661,28.763224,22.053329
624,12.463727,545.820000,475.390000,705.380000,481.440000,519.520000,293.330000,707.020000,285.430000,170.673012,-66.231466,13.610015,19.365772,66.514469,-27.231020,25.834580,20.001411
625,12.483701,548.910000,474.160000,705.580000,481.790000,520.870000,292.990000,707.510000,285.730000,142.592205,-57.875388,16.304963,15.414427,56.237958,-22.019388,22.320188,16.020404
626,12.503675,551.410000,473.140000,706.030000,482.150000,521.700000,292.540000,707.840000,285.930000,113.103579,-45.885395,18.473389,11.136121,44.229098,-15.853714,18.185912,11.329166
627,12.523649,553.530000,472.320000,706.390000,482.270000,522.530000,292.330000,708.350000,286.230000,83.477925,-31.566219,20.344029,5.750408,30.089643,-9.596235,13.728760,6.707950
628,12.543623,554.780000,471.810000,706.680000,482.280000,523.170000,292.180000,708.520000,286.260000,53.801311,-16.285124,22.114111,0.029176,20.434084,-3.475491,9.051235,1.889216
629,12.563597,555.570000,471.660000,707.350000,482.300000,523.200000,292.250000,708.560000,286.220000,23.173962,-0.232238,23.903546,-5.413041,8.581411,1.103226,4.497220,-1.711731
630,12.583570,555.690000,471.830000,707.730000,482.130000,523.230000,292.310000,708.620000,286.150000,-9.106085,14.409426,24.377358,-8.770274,-2.599641,7.722871,1.415599,-5.743211
631,12.603544,555.270000,472.320000,708.230000,481.890000,523.260000,292.370000,708.660000,286.100000,-39.620719,27.288496,25.285301,-11.064738,-12.841045,12.019947,-0.913001,-8.685373
632,12.623518,554.160000,472.950000,708.740000,481.610000,523.060000,292.690000,708.620000,285.810000,-71.324354,39.146907,25.566359,-13.247849,-23.953145,15.594927,-2.646516,-10.303840
633,12.643492,552.360000,473.780000,709.270000,481.420000,522.050000,293.150000,708.520000,285.600000,-103.759616,48.369987,25.733730,-13.816481,-35.392887,18.352116,-5.838129,-12.507568
634,12.663466,549.950000,474.780000,709.730000,481.190000,521.430000,293.570000,708.470000,285.350000,-134.674052,55.113531,26.381136,-13.025045,-47.828780,19.764894,-9.231346,-13.186386
635,12.683440,547.190000,475.980000,710.280000,480.820000,520.520000,293.780000,708.210000,285.140000,-164.121443,58.879125,24.754209,-11.996217,-60.052566,18.911606,-11.987659,-11.989312
636,12.703414,543.320000,477.300000,710.800000,480.600000,518.950000,294.190000,707.860000,284.850000,-191.138315,59.538687,23.108804,-10.284584,-69.082989,15.779705,-14.236901,-9.359815
637,12.723388,539.390000,478.330000,711.240000,480.500000,517.640000,294.550000,707.600000,284.630000,-216.518923,56.191957,20.032337,-7.857468,-74.641811,12.338641,-14.796975,-7.103571
638,12.743362,534.850000,479.410000,711.530000,480.330000,516.060000,294.710000,707.330000,284.620000,-239.502272,49.415445,15.613502,-4.755035,-82.150728,7.061169,-15.521113,-4.359608
639,12.763336,529.870000,480.320000,711.820000,480.250000,514.200000,294.830000,707.000000,284.570000,-259.136945,40.452417,11.163935,-2.659451,-85.951430,2.520672,-15.929668,-1.991622
640,12.783310,524.520000,481.060000,712.070000,480.240000,512.680000,294.780000,706.670000,284.530000,-274.483199,30.260903,6.972281,-1.217302,-88.439231,-3.229444,-16.393170,-0.230195
641,12.803284,518.840000,481.540000,712.060000,480.240000,511.000000,294.660000,706.420000,284.500000,-288.350446,19.830053,2.712161,0.397858,-92.400885,-8.731276,-17.878693,0.350788
642,12.823258,513.030000,481.790000,712.060000,480.240000,508.850000,294.360000,705.890000,284.530000,-296.152285,7.943828,-2.308177,1.851579,-92.005264,-11.478643,-19.792416,0.752341
643,12.843231,507.080000,481.840000,712.060000,480.240000,507.090000,294.330000,705.550000,284.560000,-299.106312,-3.855941,-8.387004,1.890674,-89.996429,-15.094663,-21.517568,1.609325
644,12.863205,501.100000,481.630000,711.790000,480.370000,505.350000,293.800000,705.200000,284.590000,-298.826227,-16.133313,-14.563668,2.068256,-88.006460,-18.790916,-23.601093,1.676428
645,12.883179,495.130000,481.270000,711.440000,480.390000,503.550000,293.360000,704.600000,284.620000,-294.153759,-27.722823,-20.895642,2.260621,-84.421949,-22.023375,-25.337428,1.188905
646,12.903153,489.380000,480.590000,710.920000,480.410000,502.120000,293.150000,704.070000,284.650000,-285.108942,-37.664205,-28.335218,1.762107,-80.899388,-25.205360,-25.312337,0.254314
647,12.923127,483.860000,479.700000,710.290000,480.410000,500.480000,292.380000,703.610000,284.650000,-272.009402,-45.802633,-35.098311,1.913140,-79.154397,-27.237731,-26.039004,-0.293020
648,12.943101,478.440000,478.680000,709.560000,480.520000,498.790000,291.860000,703.040000,284.620000,-254.952779,-51.522115,-40.698464,2.294367,-75.613747,-27.134838,-25.983570,-0.414585
649,12.963075,473.660000,477.680000,708.690000,480.550000,497.320000,291.380000,702.560000,284.610000,-234.115488,-54.228052,-46.261468,3.900482,-70.191564,-27.558565,-25.405894,-0.148795
650,12.983049,469.230000,476.650000,707.670000,480.590000,496.100000,290.770000,702.150000,284.600000,-209.699911,-52.747295,-51.076313,5.745643,-63.091105,-27.413076,-25.104316,0.541790
651,13.003023,465.260000,475.540000,706.620000,480.800000,494.880000,290.330000,701.530000,284.650000,-181.021977,-49.125342,-55.783499,7.825764,-53.455094,-24.607747,-24.212516,1.647253
652,13.022997,461.970000,474.580000,705.500000,480.900000,493.880000,289.810000,701.030000,284.690000,-149.252502,-43.364431,-59.360425,8.672633,-42.924366,-23.765935,-22.322522,2.354663
653,13.042971,459.300000,473.830000,704.270000,481.140000,493.180000,289.370000,700.670000,284.730000,-115.970760,-35.682697,-62.379415,10.066253,-32.378953,-20.373010,-20.582005,2.985342
654,13.062945,457.350000,473.290000,702.990000,481.360000,492.590000,288.900000,700.300000,284.800000,-79.905571,-26.134797,-64.812464,9.912401,-21.431500,-16.081964,-18.582311,3.816457
655,13.082918,456.160000,472.800000,701.650000,481.530000,492.250000,288.780000,699.910000,284.880000,-43.392439,-15.592690,-66.213475,8.881336,-11.193403,-11.715354,-16.957232,3.964571
656,13.102892,455.640000,472.610000,700.370000,481.610000,492.250000,288.490000,699.610000,284.920000,-7.286113,-3.695281,-67.375732,7.343589,-2.212481,-5.810121,-16.753878,3.276709
657,13.122866,455.840000,472.640000,698.980000,481.870000,492.230000,288.530000,699.250000,285.030000,29.691202,9.362830,-67.578211,3.956110,5.535676,-0.144808,-17.125380,1.832129
658,13.142840,456.810000,472.940000,697.670000,481.850000,492.390000,288.510000,698.910000,285.070000,65.588631,22.721644,-67.065207,1.298410,12.539272,5.894924,-17.133257,-0.556184
659,13.162814,458.460000,473.540000,696.370000,481.860000,492.680000,288.690000,698.580000,284.970000,101.088495,36.076665,-65.440225,-2.254785,18.932904,13.081257,-17.014902,-3.899412
660,13.182788,460.800000,474.460000,694.980000,481.740000,493.210000,289.060000,698.250000,284.850000,135.040886,46.972866,-62.763172,-6.717870,26.355656,20.484461,-17.248793,-7.732888
661,13.202762,463.900000,475.430000,693.840000,481.540000,493.740000,289.480000,697.860000,284.710000,167.316071,56.365649,-58.264201,-11.180468,34.283826,26.553952,-16.587966,-11.755713
662,13.222736,467.430000,476.580000,692.720000,481.400000,494.490000,290.120000,697.590000,284.430000,195.308185,62.089897,-53.036328,-15.548051,41.789047,33.747579,-14.990701,-14.620657
663,13.242710,471.660000,477.920000,691.730000,480.960000,495.440000,290.900000,697.310000,284.080000,219.447567,64.019763,-45.875767,-19.727549,49.766329,36.662121,-12.555221,-17.242569
664,13.262684,476.250000,479.160000,690.860000,480.540000,496.540000,291.520000,697.020000,283.730000,239.402102,62.410925,-38.615620,-22.249680,56.918818,39.431953,-9.774692,-18.913648
665,13.282658,481.300000,480.450000,690.190000,480.100000,497.680000,292.410000,696.920000,283.350000,256.413503,56.873596,-30.903641,-23.618306,65.603413,40.215998,-6.018726,-18.317397
666,13.302632,486.390000,481.410000,689.640000,479.540000,499.090000,293.280000,696.880000,283.020000,271.556306,46.846438,-21.889265,-22.463926,71.658609,39.026510,-1.412973,-15.720674
667,13.322606,491.950000,482.250000,689.340000,479.230000,500.600000,293.760000,696.850000,282.660000,282.107360,34.112273,-13.678772,-18.822037,76.601632,34.531429,4.447621,-12.804770
668,13.342579,497.670000,482.820000,689.080000,478.870000,502.150000,294.690000,696.950000,282.500000,289.061065,20.118599,-4.921336,-13.499440,83.739922,27.474539,10.529950,-8.681191
669,13.362553,503.580000,483.030000,689.160000,478.610000,504.020000,295.070000,697.290000,282.430000,292.374632,4.165396,4.796950,-6.474157,88.110422,18.035463,16.802893,-2.813984
670,13.382527,509.450000,482.960000,689.320000,478.590000,505.550000,295.390000,697.710000,282.390000,290.286731,-11.330722,14.774899,0.973589,92.754687,9.854438,23.950422,3.467517
671,13.402501,515.030000,482.600000,689.630000,478.660000,507.520000,295.310000,698.240000,282.430000,282.668503,-27.553313,25.801709,8.519948,95.999594,1.632568,31.554257,10.195598
672,13.422475,520.600000,481.930000,690.340000,478.980000,509.700000,295.320000,698.890000,282.770000,271.514876,-41.392357,36.366670,15.661253,97.183247,-6.840407,37.292411,15.909439
673,13.442449,526.000000,480.920000,691.200000,479.300000,511.290000,295.180000,699.700000,283.200000,256.583110,-51.807063,46.629275,20.958078,94.372375,-11.442659,41.968769,20.956813
674,13.462423,530.830000,479.840000,692.170000,479.750000,513.450000,294.960000,700.630000,283.610000,239.051023,-58.734803,56.900924,24.640132,90.477436,-16.904229,46.214982,24.682242
675,13.482397,535.480000,478.520000,693.480000,480.330000,515.030000,294.490000,701.630000,284.150000,218.219081,-62.348003,66.115056,27.231701,83.254440,-21.219005,48.134442,25.812601
676,13.502371,539.560000,477.360000,694.760000,480.800000,516.650000,294.030000,702.480000,284.620000,193.852810,-61.990408,74.088642,27.255917,76.809556,-24.849710,49.060086,25.480680
677,13.522345,543.180000,476.200000,696.430000,481.380000,517.990000,293.580000,703.520000,285.140000,168.766194,-58.324594,82.780337,25.592715,70.659832,-24.874607,49.473115,24.894835
678,13.542319,546.310000,475.050000,698.130000,481.880000,519.470000,293.010000,704.530000,285.640000,141.823915,-51.643194,90.873835,21.499771,61.568626,-22.492032,49.858135,22.142703
679,13.562293,548.830000,474.030000,700.010000,482.280000,520.560000,292.620000,705.420000,286.000000,112.470566,-41.319223,97.677384,16.073892,52.020142,-17.478794,48.738474,18.039645
680,13.582267,550.790000,473.370000,701.970000,482.470000,521.510000,292.330000,706.480000,286.380000,83.314056,-29.094756,103.362147,10.107099,38.274752,-11.526685,47.526521,12.660740
681,13.602240,552.210000,472.920000,704.160000,482.630000,522.220000,292.190000,707.410000,286.580000,53.486409,-15.043606,106.870607,3.474811,25.347056,-5.771317,44.389466,6.940869
682,13.622214,552.880000,472.800000,706.320000,482.630000,522.540000,292.110000,708.240000,286.570000,23.683271,-0.202867,108.688245,-2.798326,13.761437,-0.924379,39.923367,1.826488
683,13.642188,553.070000,472.960000,708.480000,482.520000,522.530000,292.220000,708.900000,286.620000,-6.264190,13.850130,109.766185,-8.636358,3.614659,3.972449,34.449154,-3.177220
684,13.662162,552.700000,473.310000,710.640000,482.310000,522.520000,292.320000,709.710000,286.450000,-35.819725,26.184201,109.429207,-14.159489,-6.509751,9.208686,29.639269,-7.764495
685,13.682136,551.690000,473.910000,712.810000,481.970000,522.500000,292.420000,710.150000,286.360000,-65.392182,36.470827,106.866522,-19.462149,-15.932877,13.912177,25.569860,-10.478698
686,13.702110,550.070000,474.830000,714.860000,481.510000,522.110000,292.760000,710.520000,286.100000,-94.155504,44.425255,103.690859,-23.166766,-27.220323,18.161016,20.992310,-12.285639
687,13.722084,547.870000,475.780000,717.070000,481.050000,521.300000,293.310000,710.980000,285.760000,-123.726016,50.431630,98.750559,-25.443433,-38.104561,21.146260,16.606930,-13.717090
688,13.742058,545.190000,476.770000,718.850000,480.510000,520.470000,293.680000,711.380000,285.510000,-151.390779,53.479310,91.354843,-25.689578,-48.867236,21.355352,11.782944,-13.577339
689,13.762032,541.850000,477.800000,720.530000,479.990000,519.390000,294.060000,711.450000,285.310000,-178.086039,53.735180,82.074969,-24.493087,-57.755282,18.404340,7.194502,-12.365580
690,13.782006,538.100000,478.920000,722.170000,479.540000,518.060000,294.440000,711.530000,285.060000,-202.723059,50.626912,71.471205,-22.114889,-63.930292,13.596595,1.785448,-10.257256
691,13.801980,533.740000,479.920000,723.490000,479.130000,516.970000,294.670000,711.580000,284.820000,-224.604641,45.399719,60.349087,-19.011192,-69.270588,8.505846,-3.087845,-8.560210
692,13.821954,529.140000,480.720000,724.510000,478.810000,515.410000,294.680000,711.430000,284.700000,-243.517511,37.256039,49.460180,-15.105263,-74.492432,3.814220,-6.808314,-6.793240
693,13.841927,524.030000,481.400000,725.370000,478.510000,513.830000,294.760000,711.240000,284.640000,-258.181348,26.849404,36.084737,-11.155377,-78.266682,-0.591681,-9.601486,-4.600793
694,13.861901,518.830000,481.740000,725.970000,478.350000,512.300000,294.740000,711.080000,284.500000,-268.925058,16.027698,22.006453,-6.858204,-80.559493,-4.959361,-12.808368,-2.446761
695,13.881875,513.370000,482.010000,726.330000,478.250000,510.680000,294.550000,710.760000,284.480000,-275.289126,5.328529,7.902690,-2.255952,-81.382730,-8.996385,-15.978294,-0.696324
696,13.901849,507.780000,482.000000,726.300000,478.250000,509.020000,294.350000,710.380000,284.510000,-278.184607,-4.984452,-8.026492,1.574800,-80.672499,-13.294919,-19.397185,0.734933
697,13.921823,502.280000,481.790000,725.930000,478.320000,507.410000,294.120000,710.020000,284.520000,-276.636843,-14.417984,-25.280828,5.314428,-80.026260,-17.258421,-23.883318,2.241656
698,13.941797,496.810000,481.450000,725.300000,478.480000,505.910000,293.640000,709.510000,284.570000,-271.938117,-23.295625,-41.861403,8.569741,-79.241146,-19.229328,-27.367270,3.313859
699,13.961771,491.440000,480.850000,724.330000,478.670000,504.320000,293.240000,708.860000,284.660000,-263.342410,-30.066400,-57.267564,11.073297,-77.232991,-20.962649,-31.092407,3.644418
700,13.981745,486.300000,480.210000,722.950000,478.860000,502.710000,292.820000,708.200000,284.720000,-250.964381,-35.583209,-72.195828,13.056944,-74.438846,-21.951992,-34.768529,3.431728
701,14.001719,481.450000,479.450000,721.350000,479.210000,501.370000,292.440000,707.480000,284.780000,-234.804032,-39.846051,-86.646198,14.520682,-70.858712,-22.197359,-38.395636,2.675789
702,14.021693,476.950000,478.550000,719.540000,479.510000,499.890000,292.020000,706.780000,284.820000,-214.861361,-42.854928,-100.618671,15.464512,-66.492588,-21.698748,-41.973729,1.376601
703,14.041667,472.880000,477.790000,717.390000,479.780000,498.690000,291.510000,705.790000,284.840000,-191.136370,-44.609839,-114.113248,15.888433,-61.340473,-20.456161,-45.502806,-0.465837
